Id;Created At;Updated At;Owner Id;Owner Name;Owner E-mail;Slug;Title Value;Vraag;Minimum leeftijd;Maximum leeftijd;Subdomein;Is een alarmsignaal;Tooltip
5e5fa51b2c06e865f8000002;2020-03-04T13:54:51+01:00;2023-08-28T11:48:54+02:00;"";"";"";kan-zijn/haar-hoofd-in-buiklig-helemaal-niet-optillen-of-naar-de-zijkant-draaien-om-zo-de-ademhaling;Kan zijn/haar hoofd in buiklig helemaal niet optillen of naar de zijkant draaien om zo de ademhaling vrij te maken;Kan zijn/haar hoofd in buiklig helemaal niet optillen of naar de zijkant draaien om zo de ademhaling vrij te maken;1;3;Grove motoriek;true;""
5e5fa51c2c06e865f8000004;2020-03-04T13:54:52+01:00;2022-03-30T14:00:33+02:00;"";"";"";kan-niet-op-de-armpjes-steunen-om-zijn/haar-hoofd-tot-45deg-op-te-tillen-in-buiklig;Kan niet op de armpjes steunen om zijn/haar hoofd tot 45° op te tillen in buiklig;Kan niet op de armpjes steunen om zijn/haar hoofd tot 45° op te tillen in buiklig;4;5;Grove motoriek;false;""
5e5fa51c2c06e865f8000006;2020-03-04T13:54:52+01:00;2022-03-30T14:00:33+02:00;"";"";"";kan-bij-ondersteund-zitten-zijn/haar-hoofd-niet-even-in-lijn-met-de-romp-houden;Kan bij ondersteund zitten zijn/haar hoofd niet even in lijn met de romp houden;Kan bij ondersteund zitten zijn/haar hoofd niet even in lijn met de romp houden;4;6;Grove motoriek;false;""
5e5fa51c2c06e865f8000008;2020-03-04T13:54:52+01:00;2022-03-30T14:00:33+02:00;"";"";"";kan-in-buiklig-zijn/haar-hoofd-niet-90deg-oprichten-en-om-zich-heen-kijken;Kan in buiklig zijn/haar hoofd niet 90° oprichten en om zich heen kijken;Kan in buiklig zijn/haar hoofd niet 90° oprichten en om zich heen kijken;6;12;Grove motoriek;false;""
5e5fa51c2c06e865f800000a;2020-03-04T13:54:52+01:00;2023-08-28T13:43:18+02:00;"";"";"";kan-niet-rechtop-blijven-zitten-wanneer-iemand-hem/haar-in-ondersteunde-zithouding-plaatst-bv-zakt;Kan niet rechtop blijven zitten wanneer iemand hem/haar in ondersteunde zithouding plaatst (bv. zakt onderuit, valt omver wanneer hij/zij in een kinderstoel gezet wordt);Kan niet rechtop blijven zitten wanneer iemand hem/haar in ondersteunde zithouding plaatst (bv. zakt onderuit, valt omver wanneer hij/zij in een kinderstoel gezet wordt);7;10;Grove motoriek;true;""
5e5fa51c2c06e865f800000e;2020-03-04T13:54:53+01:00;2022-03-30T14:00:33+02:00;"";"";"";kan-wanneer-hij/zij-op-de-rug-ligt-de-voeten-niet-vastnemen;Kan wanneer hij/zij op de rug ligt de voeten niet vastnemen;Kan wanneer hij/zij op de rug ligt de voeten niet vastnemen;8;12;Grove motoriek;false;""
5e5fa51d2c06e865f8000010;2020-03-04T13:54:53+01:00;2022-03-30T14:00:33+02:00;"";"";"";strekt-vanuit-buiklig-niet-een-arm-uit-om-te-proberen-een-speeltje-te-pakken;Strekt vanuit buiklig niet een arm uit om te proberen een speeltje te pakken;Strekt vanuit buiklig niet een arm uit om te proberen een speeltje te pakken;8;12;Grove motoriek;false;""
5e5fa51d2c06e865f8000012;2020-03-04T13:54:53+01:00;2022-03-30T14:00:33+02:00;"";"";"";kan-niet-rechtop-blijven-zitten-wanneer-iemand-hem/haar-in-zithouding-plaatst-zonder-ondersteuning;Kan niet rechtop blijven zitten wanneer iemand hem/haar in zithouding plaatst, zonder ondersteuning ;Kan niet rechtop blijven zitten wanneer iemand hem/haar in zithouding plaatst, zonder ondersteuning ;9;17;Grove motoriek;false;""
5e5fa51d2c06e865f8000014;2020-03-04T13:54:53+01:00;2022-03-30T14:00:33+02:00;"";"";"";kan-in-zithouding-niet-omkijken-en-pogingen-doen-om-speelgoed-te-pakken;"Kan in zithouding niet omkijken en pogingen doen om
speelgoed te pakken";"Kan in zithouding niet omkijken en pogingen doen om
speelgoed te pakken";10;17;Grove motoriek;false;""
5e5fa51d2c06e865f8000016;2020-03-04T13:54:53+01:00;2023-08-28T14:01:14+02:00;"";"";"";kan-niet-op-zijn/haar-handen-en-knieen-blijven-zitten;Kan niet zelf op zijn/haar handen en knieën gaan zitten;Kan niet zelf op zijn/haar handen en knieën gaan zitten;10;11;Grove motoriek;false;""
5e5fa51d2c06e865f8000018;2020-03-04T13:54:53+01:00;2022-03-30T14:00:33+02:00;"";"";"";kan-niet-blijven-rechtstaan-wanneer-iemand-hem/haar-aan-een-hand-vasthoudt;"Kan niet blijven rechtstaan wanneer iemand hem/haar aan
een hand vasthoudt";"Kan niet blijven rechtstaan wanneer iemand hem/haar aan
een hand vasthoudt";12;14;Grove motoriek;false;""
5e5fa51d2c06e865f800001a;2020-03-04T13:54:53+01:00;2022-03-30T14:00:33+02:00;"";"";"";kan-niet-op-handen-en-knieen-kruipen;Kan niet op handen en knieën kruipen;Kan niet op handen en knieën kruipen;12;17;Grove motoriek;false;""
5e5fa51d2c06e865f800001c;2020-03-04T13:54:54+01:00;2022-04-21T13:37:55+02:00;"";"";"";kan-niet-zijwaarts-stappen-waarbij-hij/zij-zich-vasthoudt-aan-meubels;Kan niet zijwaarts stappen waarbij hij/zij zich vasthoudt aan meubels;Kan niet zijwaarts stappen waarbij hij/zij zich vasthoudt aan meubels;13;15;Grove motoriek;false;""
5e5fa51e2c06e865f800001e;2020-03-04T13:54:54+01:00;2022-04-21T13:39:04+02:00;"";"";"";stapt-niet-aan-een-hand-of-met-loopwagentje;Stapt niet aan één hand of met loopwagentje;Stapt niet aan één hand of met loopwagentje;14;16;Grove motoriek;false;""
5e5fa51e2c06e865f8000020;2020-03-04T13:54:54+01:00;2022-04-21T13:32:59+02:00;"";"";"";kan-niet-even-blijven-rechtstaan-zonder-steun;Kan niet even blijven rechtstaan zonder steun;Kan niet even blijven rechtstaan zonder steun;15;17;Grove motoriek;false;""
5e5fa51e2c06e865f8000022;2020-03-04T13:54:54+01:00;2023-08-28T13:45:33+02:00;"";"";"";stapt-nog-helemaal-niet-alleen-doet-nog-geen-enkele-poging-om-een-stapje-te-zetten-zonder-steun;Stapt nog helemaal niet alleen (doet nog geen enkele poging om een stapje te zetten zonder steun);Stapt nog helemaal niet alleen (doet nog geen enkele poging om een stapje te zetten zonder steun);18;20;Grove motoriek;false;""
5e5fa51e2c06e865f8000024;2020-03-04T13:54:54+01:00;2023-08-28T13:56:18+02:00;"";"";"";kan-niet-zelfstandig-stappen-van-de-ene-kant-van-een-kamer-naar-de-andere-zonder-vallen;Kan nog geen 5 stappen zetten zonder hulp;Kan nog geen 5 stappen zetten zonder hulp;20;24;Grove motoriek;true;""
5e5fa51e2c06e865f800002c;2020-03-04T13:54:54+01:00;2022-03-30T14:00:34+02:00;"";"";"";kan-niet-rennen-waarbij-beide-voeten-op-hetzelfde-moment-even-van-de-grond-gaan;"Kan niet rennen (waarbij beide voeten op hetzelfde moment
even van de grond gaan)";"Kan niet rennen (waarbij beide voeten op hetzelfde moment
even van de grond gaan)";30;42;Grove motoriek;false;""
5e5fa51e2c06e865f800002e;2020-03-04T13:54:54+01:00;2023-08-28T14:02:53+02:00;"";"";"";kan-niet-gericht-een-voet-opheffen-om-tegen-een-bal-te-schoppen;kan een bal niet krachtig vooruit schoppen zonder het evenwicht te verliezen;kan een bal niet krachtig vooruit schoppen zonder het evenwicht te verliezen;30;48;Grove motoriek;false;""
5e5fa51e2c06e865f8000030;2020-03-04T13:54:55+01:00;2023-08-28T14:03:14+02:00;"";"";"";valt-vaak-zonder-duidelijke-aanleiding;Valt vaak zonder duidelijke aanleiding;Valt vaak zonder duidelijke aanleiding;30;83;Grove motoriek;true;""
5e5fa51f2c06e865f8000032;2020-03-04T13:54:55+01:00;2022-03-30T14:00:34+02:00;"";"";"";kan-niet-zonder-hulp-een-trap-op-stappen-mag-wel-de-leuning-gebruiken-en-mag-de-voet-telkens-bijpla;"Kan niet zonder hulp een trap op stappen (mag wel de
leuning gebruiken en mag de voet telkens bijplaatsen)";"Kan niet zonder hulp een trap op stappen (mag wel de
leuning gebruiken en mag de voet telkens bijplaatsen)";30;45;Grove motoriek;false;""
5e5fa51f2c06e865f8000034;2020-03-04T13:54:55+01:00;2022-03-30T14:00:34+02:00;"";"";"";kan-niet-met-beide-voeten-tegelijk-van-de-grond-springen;Kan niet met beide voeten tegelijk van de grond springen;Kan niet met beide voeten tegelijk van de grond springen;36;83;Grove motoriek;false;""
5e5fa51f2c06e865f8000036;2020-03-04T13:54:55+01:00;2022-03-30T14:00:34+02:00;"";"";"";kan-niet-vlot-hindernissen-nemen-bij-stappen-en-lopen;Kan niet vlot hindernissen nemen bij stappen en lopen;Kan niet vlot hindernissen nemen bij stappen en lopen;36;83;Grove motoriek;false;""
5e5fa51f2c06e865f8000038;2020-03-04T13:54:55+01:00;2022-03-30T14:00:34+02:00;"";"";"";kan-niet-op-een-step-met-3-wielen-rijden;Kan niet op een step met 3 wielen rijden;Kan niet op een step met 3 wielen rijden;36;48;Grove motoriek;false;""
5e5fa51f2c06e865f800003a;2020-03-04T13:54:55+01:00;2023-06-12T16:22:01+02:00;"";"";"";heeft-moeite-om-zonder-vallen-op-en-van-een-loopfiets-te-stappen;Heeft moeite om zonder vallen op en van een loopfiets met 2 wielen te stappen;Heeft moeite om zonder vallen op en van een loopfiets met 2 wielen te stappen;36;48;Grove motoriek;false;""
5e5fa51f2c06e865f800003c;2020-03-04T13:54:55+01:00;2022-03-30T14:00:34+02:00;"";"";"";kan-niet-enkele-seconden-op-een-been-staan;Kan niet enkele seconden op één been staan;Kan niet enkele seconden op één been staan;42;83;Grove motoriek;false;""
5e5fa51f2c06e865f800003e;2020-03-04T13:54:55+01:00;2020-03-04T13:54:55+01:00;"";"";"";kan-niet-van-de-onderste-trede-van-een-trap-springen-zonder-zijn/haar-evenwicht-te-verliezen;"Kan niet van de onderste trede van een trap springen zonder
zijn/haar evenwicht te verliezen";"Kan niet van de onderste trede van een trap springen zonder
zijn/haar evenwicht te verliezen";42;53;Grove motoriek;false;""
5e5fa51f2c06e865f8000040;2020-03-04T13:54:55+01:00;2020-03-04T13:54:55+01:00;"";"";"";kan-niet-op-een-driewieler-rijden;Kan niet op een driewieler rijden;Kan niet op een driewieler rijden;42;54;Grove motoriek;false;""
5e5fa51f2c06e865f8000042;2020-03-04T13:54:55+01:00;2020-03-04T13:54:55+01:00;"";"";"";kan-geen-bal-naar-iemand-anders-gooien;Kan geen bal naar iemand anders gooien;Kan geen bal naar iemand anders gooien;42;83;Grove motoriek;false;""
5e5fa51f2c06e865f8000044;2020-03-04T13:54:55+01:00;2020-03-04T13:54:55+01:00;"";"";"";kan-geen-grote-bal-grootte-van-een-voetbal-opvangen;Kan geen grote bal (grootte van een voetbal) opvangen;Kan geen grote bal (grootte van een voetbal) opvangen;42;83;Grove motoriek;false;""
5e5fa51f2c06e865f8000046;2020-03-04T13:54:55+01:00;2023-06-12T16:27:17+02:00;"";"";"";kan-niet-op-een-loopfiets-met-2-wielen-rijden;Kan niet op een loopfiets met 2 wielen rijden;Kan niet op een loopfiets met 2 wielen rijden;42;60;Grove motoriek;false;""
5e5fa51f2c06e865f8000048;2020-03-04T13:54:56+01:00;2020-03-04T13:54:56+01:00;"";"";"";kan-niet-op-een-fiets-met-zijwielen-rijden;Kan niet op een fiets met zijwielen rijden;Kan niet op een fiets met zijwielen rijden;48;83;Grove motoriek;false;""
5e5fa5202c06e865f800004a;2020-03-04T13:54:56+01:00;2020-03-04T13:54:56+01:00;"";"";"";kan-niet-op-een-been-springen;Kan niet op één been springen;Kan niet op één been springen;48;83;Grove motoriek;false;""
5e5fa5202c06e865f800004c;2020-03-04T13:54:56+01:00;2022-03-30T14:05:12+02:00;"";"";"";kan-niet-alternerend-een-trap-oplopen;Kan niet alternerend een trap oplopen;Kan niet alternerend een trap oplopen;48;83;Grove motoriek;false;""
5e5fa5202c06e865f800004e;2020-03-04T13:54:56+01:00;2020-03-04T13:54:56+01:00;"";"";"";kan-niet-al-lopend-ergens-over-springen;Kan niet al lopend ergens over springen;Kan niet al lopend ergens over springen;54;83;Grove motoriek;false;""
5e5fa5202c06e865f8000050;2020-03-04T13:54:56+01:00;2020-03-04T13:54:56+01:00;"";"";"";kan-geen-bal-op-de-grond-kaatsen-en-weer-opvangen;Kan geen bal op de grond kaatsen en weer opvangen;Kan geen bal op de grond kaatsen en weer opvangen;54;83;Grove motoriek;false;""
5e5fa5202c06e865f8000052;2020-03-04T13:54:56+01:00;2022-03-30T14:09:16+02:00;"";"";"";kan-niet-alternerend-een-trap-aflopen;Kan niet alternerend een trap aflopen;Kan niet alternerend een trap aflopen;60;83;Grove motoriek;false;""
5e5fa5202c06e865f8000054;2020-03-04T13:54:56+01:00;2020-03-04T13:54:56+01:00;"";"";"";valt-vaak-bij-evenwichtsoefeningen-bv-als-hij/zij-op-een-been-probeert-te-staan-of-over-een-lijn-m;"Valt vaak bij evenwichtsoefeningen (bv. als hij/zij op één been
probeert te staan of over een lijn moet lopen)";"Valt vaak bij evenwichtsoefeningen (bv. als hij/zij op één been
probeert te staan of over een lijn moet lopen)";60;83;Grove motoriek;false;""
5e5fa5202c06e865f8000056;2020-03-04T13:54:57+01:00;2020-03-04T13:54:57+01:00;"";"";"";kan-geen-bal-in-de-lucht-gooien-en-weer-opvangen;Kan geen bal in de lucht gooien en weer opvangen;Kan geen bal in de lucht gooien en weer opvangen;66;83;Grove motoriek;false;""
5e5fa5212c06e865f8000058;2020-03-04T13:54:57+01:00;2022-03-30T11:22:00+02:00;"";"";"";kan-niet-omrollen-van-buik-naar-rug-en-omgekeerd;Kan niet omrollen van buik naar rug en omgekeerd;Kan niet omrollen van buik naar rug en omgekeerd;8;14;Houdingsveranderingen;false;""
5e5fa5212c06e865f800005a;2020-03-04T13:54:57+01:00;2022-03-30T14:09:07+02:00;"";"";"";kan-niet-zelfstandig-vanuit-kruiphouding-naar-zithouding-gaan;Kan niet zelfstandig vanuit kruiphouding naar zithouding gaan;Kan niet zelfstandig vanuit kruiphouding naar zithouding gaan;10;17;Houdingsveranderingen;false;""
5e5fa5212c06e865f800005c;2020-03-04T13:54:57+01:00;2022-03-30T11:23:27+02:00;"";"";"";kan-niet-zelfstandig-van-zithouding-naar-kruiphouding-gaan;Kan niet zelfstandig van zithouding naar kruiphouding gaan;Kan niet zelfstandig van zithouding naar kruiphouding gaan;10;17;Houdingsveranderingen;false;""
5e5fa5212c06e865f800005e;2020-03-04T13:54:57+01:00;2022-04-21T16:35:48+02:00;"";"";"";kan-wanneer-hij/zij-op-zijn-knieen-zit-zich-niet-rechttrekken-aan-meubels-om-te-gaan-staan;Kan wanneer hij/zij op zijn knieën zit, zich niet rechttrekken aan meubels om te gaan staan;Kan wanneer hij/zij op zijn knieën zit, zich niet rechttrekken aan meubels om te gaan staan;12;17;Houdingsveranderingen;false;""
5e5fa5212c06e865f8000060;2020-03-04T13:54:57+01:00;2023-06-12T16:14:03+02:00;"";"";"";kan-op-geen-enkele-manier-van-houding-veranderen;Kan op geen enkele manier van houding veranderen: wanneer iemand hem/haar ergens neerlegt of neerzet blijft hij/zij altijd in deze positie zitten of liggen;Kan op geen enkele manier van houding veranderen: wanneer iemand hem/haar ergens neerlegt of neerzet blijft hij/zij altijd in deze positie zitten of liggen;10;18;Houdingsveranderingen;true;""
5e5fa5212c06e865f8000062;2020-03-04T13:54:57+01:00;2022-03-30T11:23:00+02:00;"";"";"";kan-wanneer-hij/zij-rechtstaat-en-zich-vasthoudt-aan-meubels-niet-zelfstandig-gaan-zitten;Kan wanneer hij/zij rechtstaat en zich vasthoudt aan meubels, niet zelfstandig gaan zitten;Kan wanneer hij/zij rechtstaat en zich vasthoudt aan meubels, niet zelfstandig gaan zitten;13;23;Houdingsveranderingen;false;""
5e5fa5212c06e865f8000064;2020-03-04T13:54:57+01:00;2022-04-21T14:08:34+02:00;"";"";"";kan-wanneer-hij-op-zijn-handen-en-voeten-of-knieen-steunt-zichzelf-niet-opduwen-tot-een-staande-posi;Kan wanneer hij op zijn handen en voeten of knieën steunt zichzelf niet opduwen tot een staande positie (zonder te steunen op meubels);Kan wanneer hij op zijn handen en voeten of knieën steunt zichzelf niet opduwen tot een staande positie (zonder te steunen op meubels);20;26;Houdingsveranderingen;false;""
5e5fa5212c06e865f8000066;2020-03-04T13:54:57+01:00;2022-04-21T14:09:33+02:00;"";"";"";kan-vanuit-een-rechtstaande-positie-niet-naar-hurkzit-gaan;Kan vanuit een rechtstaande positie niet naar hurkzit gaan;Kan vanuit een rechtstaande positie niet naar hurkzit gaan;20;30;Houdingsveranderingen;false;""
5e5fa5212c06e865f8000068;2020-03-04T13:54:57+01:00;2022-03-30T11:21:33+02:00;"";"";"";kan-niet-in-hurkstand-spelen;Kan niet in hurkstand spelen;Kan niet in hurkstand spelen;22;36;Houdingsveranderingen;false;""
5e5fa5212c06e865f800006a;2020-03-04T13:54:57+01:00;2020-03-04T13:54:57+01:00;"";"";"";kan-geen-voorwerpen-gericht-grijpen-grijpt-vaak-mis-wanneer-hij/zij-probeert-om-een-voorwerp-te-pak;Kan geen voorwerpen gericht grijpen, grijpt vaak mis wanneer hij/zij probeert om een voorwerp te pakken ;Kan geen voorwerpen gericht grijpen, grijpt vaak mis wanneer hij/zij probeert om een voorwerp te pakken ;4;12;Fijne motoriek;false;""
5e5fa5212c06e865f800006c;2020-03-04T13:54:57+01:00;2022-04-21T14:14:01+02:00;"";"";"";kan-een-voorwerp-niet-overpakken-van-de-ene-hand-in-de-andere-hand;Kan een voorwerp niet overpakken van de ene hand in de andere hand ;Kan een voorwerp niet overpakken van de ene hand in de andere hand ;8;18;Fijne motoriek;false;""
5e5fa5212c06e865f800006e;2020-03-04T13:54:58+01:00;2020-03-04T13:54:58+01:00;"";"";"";kan-geen-twee-voorwerpen-tegelijkertijd-vastnemen-in-elke-hand-een;Kan geen twee voorwerpen tegelijkertijd vastnemen (in elke hand één) ;Kan geen twee voorwerpen tegelijkertijd vastnemen (in elke hand één) ;10;18;Fijne motoriek;false;""
5e5fa5222c06e865f8000070;2020-03-04T13:54:58+01:00;2022-04-21T14:15:32+02:00;"";"";"";kan-geen-kleine-voorwerpen-oprapen-met-pincetgreep;Kan geen kleine voorwerpen oprapen tussen duim en wijsvinger (pincetgreep) ;Kan geen kleine voorwerpen oprapen tussen duim en wijsvinger (pincetgreep) ;12;30;Fijne motoriek;false;""
5e5fa5222c06e865f8000072;2020-03-04T13:54:58+01:00;2020-03-04T13:54:58+01:00;"";"";"";kan-geen-2-blokjes-op-elkaar-zetten;Kan geen 2 blokjes op elkaar zetten ;Kan geen 2 blokjes op elkaar zetten ;18;30;Fijne motoriek;false;""
5e5fa5222c06e865f8000074;2020-03-04T13:54:58+01:00;2020-03-04T13:54:58+01:00;"";"";"";maakt-geen-krabbeltekeningen;Maakt geen krabbeltekeningen ;Maakt geen krabbeltekeningen ;18;30;Fijne motoriek;false;""
5e5fa5222c06e865f8000076;2020-03-04T13:54:58+01:00;2022-04-21T14:16:29+02:00;"";"";"";gebruikt-beiden-handen-niet-spontaan-samen-om-iets-gemakkelijker-te-kunnen-doen-bv-2-de-hand-gebru;Gebruikt beiden handen niet spontaan samen om iets gemakkelijker te kunnen doen (bv. 2 de hand gebruiken om papier vast te houden bij kleuren);Gebruikt beiden handen niet spontaan samen om iets gemakkelijker te kunnen doen (bv. 2 de hand gebruiken om papier vast te houden bij kleuren);30;60;Fijne motoriek;false;""
5e5fa5222c06e865f8000078;2020-03-04T13:54:58+01:00;2020-03-04T13:54:58+01:00;"";"";"";kan-geen-grote-kralen-aan-een-draad-rijgen;Kan geen grote kralen aan een draad rijgen ;Kan geen grote kralen aan een draad rijgen ;36;53;Fijne motoriek;false;""
5e5fa5222c06e865f800007a;2020-03-04T13:54:58+01:00;2022-04-21T14:23:56+02:00;"";"";"";kan-niet-zelfstandig-een-schaar-gebruiken-om-ergens-in-te-knippen;Kan niet zelfstandig een schaar gebruiken om ergens in te knippen ;Kan niet zelfstandig een schaar gebruiken om ergens in te knippen ;36;41;Fijne motoriek;false;""
5e5fa5222c06e865f800007c;2020-03-04T13:54:58+01:00;2022-03-30T14:08:19+02:00;"";"";"";kan-geen-kopvoeter-mensfiguurtje-met-hoofd-armen-en-benen-tekenen;Kan geen kopvoeter (mensfiguurtje met hoofd, armen en benen) tekenen;Kan geen kopvoeter (mensfiguurtje met hoofd, armen en benen) tekenen;42;65;Fijne motoriek;false;""
5e5fa5222c06e865f800007e;2020-03-04T13:54:58+01:00;2022-04-21T14:42:30+02:00;"";"";"";kan-niet-binnen-de-lijnen-van-een-vierkant-kleuren;Kan niet binnen de lijnen van een vierkant kleuren ;Kan niet binnen de lijnen van een vierkant kleuren ;60;83;Fijne motoriek;false;""
5e5fa5222c06e865f8000080;2020-03-04T13:54:58+01:00;2020-03-04T13:54:58+01:00;"";"";"";kan-geen-cirkel-natekenen;Kan geen cirkel natekenen ;Kan geen cirkel natekenen ;54;83;Fijne motoriek;false;""
5e5fa5222c06e865f8000082;2020-03-04T13:54:58+01:00;2022-04-21T14:38:44+02:00;"";"";"";neemt-potlood-niet-vast-tussen-toppen-van-vingers-bij-tekenen-gebruikt-volledige-hand;Neemt potlood niet vast tussen toppen van vingers bij tekenen (gebruikt volledige hand);Neemt potlood niet vast tussen toppen van vingers bij tekenen (gebruikt volledige hand);48;83;Fijne motoriek;false;""
5e5fa5222c06e865f8000084;2020-03-04T13:54:59+01:00;2020-03-04T13:54:59+01:00;"";"";"";heeft-moeite-om-grote-knopen-open-te-maken;Heeft moeite om grote knopen open te maken ;Heeft moeite om grote knopen open te maken ;48;83;Fijne motoriek;false;""
5e5fa5232c06e865f8000086;2020-03-04T13:54:59+01:00;2023-01-17T13:20:12+01:00;"";"";"";bouwt-geen-constructies-met-blokken-vb-huisje-of-brug;Bouwt geen constructies met blokken of ander materiaal (vb. huisje of brug) ;Bouwt geen constructies met blokken of ander materiaal (vb. huisje of brug) ;48;83;Fijne motoriek;false;""
5e5fa5232c06e865f8000088;2020-03-04T13:54:59+01:00;2020-03-04T13:54:59+01:00;"";"";"";kan-niet-op-een-dikke-rechte-lijn-knippen;Kan niet op een dikke rechte lijn knippen ;Kan niet op een dikke rechte lijn knippen ;54;65;Fijne motoriek;false;""
5e5fa5232c06e865f800008a;2020-03-04T13:54:59+01:00;2020-03-04T13:54:59+01:00;"";"";"";kan-geen-kleine-kralen-aan-een-draad-rijgen;Kan geen kleine kralen aan een draad rijgen ;Kan geen kleine kralen aan een draad rijgen ;54;83;Fijne motoriek;false;""
5e5fa5232c06e865f800008c;2020-03-04T13:54:59+01:00;2020-03-04T13:54:59+01:00;"";"";"";heeft-moeite-om-grote-knopen-dicht-te-maken-bv-van-een-jas-of-broek;Heeft moeite om grote knopen dicht te maken (bv. van een jas of broek) ;Heeft moeite om grote knopen dicht te maken (bv. van een jas of broek) ;60;83;Fijne motoriek;false;""
5e5fa5232c06e865f800008e;2020-03-04T13:54:59+01:00;2020-03-04T13:54:59+01:00;"";"";"";kan-geen-figuurtje-tekenen-met-een-gezicht-en-belangrijkste-lichaamsdelen;Kan geen figuurtje tekenen met een gezicht en belangrijkste lichaamsdelen ;Kan geen figuurtje tekenen met een gezicht en belangrijkste lichaamsdelen ;66;83;Fijne motoriek;false;""
5e5fa5232c06e865f8000090;2020-03-04T13:54:59+01:00;2020-03-04T13:54:59+01:00;"";"";"";kan-geen-cirkel-en-vierkant-uitknippen;Kan geen cirkel en vierkant uitknippen ;Kan geen cirkel en vierkant uitknippen ;66;83;Fijne motoriek;false;""
5e5fa5232c06e865f8000092;2020-03-04T13:54:59+01:00;2022-04-21T14:12:16+02:00;"";"";"";slaat-geen-voorwerpen-tegen-elkaar-bv-met-2-blokjes-tegen-elkaar-slaan;Slaat geen voorwerpen tegen elkaar (bv. met 2 blokjes tegen elkaar slaan);Slaat geen voorwerpen tegen elkaar (bv. met 2 blokjes tegen elkaar slaan);8;12;Fijne motoriek;false;""
5e5fa5232c06e865f8000094;2020-03-04T13:54:59+01:00;2022-04-21T13:44:15+02:00;"";"";"";botst-vaak-tegen-voorwerpen-en-deuren-op;Botst vaak tegen voorwerpen en deuren op ;Botst vaak tegen voorwerpen en deuren op ;42;83;Grove motoriek;false;""
5e5fa5232c06e865f8000096;2020-03-04T13:54:59+01:00;2022-03-23T10:54:39+01:00;"";"";"";kan-tijdens-hardlopen-niet-van-richting-veranderen;Kan tijdens hardlopen niet van richting veranderen ;Kan tijdens hardlopen niet van richting veranderen ;42;83;Grove motoriek;false;""
5e5fa5242c06e865f800009c;2020-03-04T13:55:00+01:00;2022-03-23T10:58:14+01:00;"";"";"";is-bang-voor-grof-motorische-spelen-met-bal-of-op-klimrek;Is bang voor grof-motorische spelen met bal of op klimrek ;Is bang voor grof-motorische spelen met bal of op klimrek ;48;83;Grove motoriek;false;""
5e5fa5242c06e865f800009e;2020-03-04T13:55:00+01:00;2020-03-04T13:55:00+01:00;"";"";"";kan-niet-met-een-lepel-eten-kan-niet-scheppen-of-morst-bijna-alles-voor-hij/zij-de-lepel-naar-de-mo;Kan niet met een lepel eten (kan niet scheppen of morst bijna alles voor hij/zij de lepel naar de mond kan brengen) ;Kan niet met een lepel eten (kan niet scheppen of morst bijna alles voor hij/zij de lepel naar de mond kan brengen) ;30;35;Zelfredzaamheid;false;""
5e5fa5242c06e865f80000a0;2020-03-04T13:55:00+01:00;2020-03-04T13:55:00+01:00;"";"";"";kan-geen-t-shirt-zonder-sluiting-uittrekken;Kan geen t-shirt zonder sluiting uittrekken ;Kan geen t-shirt zonder sluiting uittrekken ;36;59;Zelfredzaamheid;false;""
5e5fa5242c06e865f80000a2;2020-03-04T13:55:00+01:00;2020-03-04T13:55:00+01:00;"";"";"";kan-geen-broek-met-elastische-taille-aantrekken;Kan geen broek met elastische taille aantrekken ;Kan geen broek met elastische taille aantrekken ;36;59;Zelfredzaamheid;false;""
5e5fa5242c06e865f80000a4;2020-03-04T13:55:00+01:00;2020-03-04T13:55:00+01:00;"";"";"";kan-niet-zonder-morsen-uit-een-beker-drinken;Kan niet zonder morsen uit een beker drinken ;Kan niet zonder morsen uit een beker drinken ;36;59;Zelfredzaamheid;false;""
5e5fa5242c06e865f80000a6;2020-03-04T13:55:00+01:00;2020-03-04T13:55:00+01:00;"";"";"";kan-niet-zelfstandig-met-lepel-en-vork-eten;Kan niet zelfstandig met lepel en vork eten ;Kan niet zelfstandig met lepel en vork eten ;36;83;Zelfredzaamheid;false;""
5e5fa5242c06e865f80000ac;2020-03-04T13:55:00+01:00;2020-03-04T13:55:00+01:00;"";"";"";kan-zijn/haar-jas-niet-zelf-aantrekken-mits-hulp-met-sluitingen;Kan zijn/haar jas niet zelf aantrekken mits hulp met sluitingen ;Kan zijn/haar jas niet zelf aantrekken mits hulp met sluitingen ;48;83;Zelfredzaamheid;false;""
5e5fa5252c06e865f80000b8;2020-03-04T13:55:01+01:00;2023-08-28T14:22:01+02:00;"";"";"";draait-zijn/haar-hoofd-altijd-naar-dezelfde-kant-lijkt-hoofd-niet-zelf-naar-andere-kant-te-kunnen-d;Draait zijn/haar hoofd altijd naar dezelfde kant, lijkt hoofd niet zelf naar andere kant te kunnen draaien ;Draait zijn/haar hoofd altijd naar dezelfde kant, lijkt hoofd niet zelf naar andere kant te kunnen draaien ;3;6;Kwaliteit van bewegen;true;""
5e5fa5252c06e865f80000ba;2020-03-04T13:55:01+01:00;2023-08-28T14:20:14+02:00;"";"";"";spant-zijn/haar-spieren-te-veel-op-waardoor-bewegingen-bemoeilijkt-worden;Spant zijn/haar spieren te veel op waardoor bewegingen bemoeilijkt worden ;Spant zijn/haar spieren te veel op waardoor bewegingen bemoeilijkt worden ;6;83;Kwaliteit van bewegen;true;""
5e5fa5252c06e865f80000bc;2020-03-04T13:55:01+01:00;2023-08-28T14:21:18+02:00;"";"";"";gebruikt-opvallend-vaak-een-helft-van-het-lichaam-en-de-andere-niet-bv-vaak-alles-met-dezelfde-han;Gebruikt opvallend vaak één helft van het lichaam en de andere niet (bv. vaak alles met dezelfde hand doen, vaak alleen op één been steunen) ;Gebruikt opvallend vaak één helft van het lichaam en de andere niet (bv. vaak alles met dezelfde hand doen, vaak alleen op één been steunen) ;12;83;Kwaliteit van bewegen;true;""
5e5fa5252c06e865f80000be;2020-03-04T13:55:01+01:00;2023-06-12T16:41:01+02:00;"";"";"";ging/gaat-achteruit-in-zijn/haar-motorische-ontwikkeling-verloor-vaardigheden-gedurende-minstens-ee;Ging/gaat achteruit in zijn/haar motorische ontwikkeling: verloor vaardigheden gedurende minstens één maand die hij/zij eerder wel beheerste, zonder aanduidbare reden;Ging/gaat achteruit in zijn/haar motorische ontwikkeling: verloor vaardigheden gedurende minstens één maand die hij/zij eerder wel beheerste, zonder aanduidbare reden;18;83;Kwaliteit van bewegen;true;""
5e5fa5252c06e865f80000c0;2020-03-04T13:55:01+01:00;2023-08-28T14:16:54+02:00;"";"";"";beweegt-traag-en-onzeker-is-zeer-afwachtend;Beweegt traag en onzeker, is zeer afwachtend;Beweegt traag en onzeker, is zeer afwachtend;30;83;Kwaliteit van bewegen;true;""
5e5fa5252c06e865f80000c2;2020-03-04T13:55:01+01:00;2023-08-28T14:19:50+02:00;"";"";"";is-slordig-en-onhandig-bij-fijn-motorische-activiteiten;Blijft opvallend slordig en onhandig bij fijn-motorische activiteiten, ook nadat geprobeerd is om het kind hierop te laten letten;Blijft opvallend slordig en onhandig bij fijn-motorische activiteiten, ook nadat geprobeerd is om het kind hierop te laten letten;60;83;Kwaliteit van bewegen;true;""
5e5fa5252c06e865f80000c4;2020-03-04T13:55:01+01:00;2020-03-04T13:55:01+01:00;"";"";"";zet-te-weinig-of-te-veel-kracht-bij-kleuren-en-tekenen;Zet te weinig of te veel kracht bij kleuren en tekenen ;Zet te weinig of te veel kracht bij kleuren en tekenen ;60;83;Kwaliteit van bewegen;false;""
5e5fa5252c06e865f80000c6;2020-03-04T13:55:01+01:00;2022-03-24T11:17:03+01:00;"";"";"";maakt-geen-geluidjes-wanneer-een-ouder/verzorger-tegen-hem/haar-praat;Maakt geen geluidjes wanneer een ouder/verzorger tegen hem/haar praat ;Maakt geen geluidjes wanneer een ouder/verzorger tegen hem/haar praat ;4;11;Taalproductie;false;""
5e5fa5252c06e865f80000c8;2020-03-04T13:55:01+01:00;2022-04-21T15:36:23+02:00;"";"";"";de-klanken-die-hij/zij-maakt-blijven-eentonig-en-komen-diep-uit-de-keel;De klanken die hij/zij maakt blijven eentonig en komen diep uit de keel, maakt nog geen geluiden zoals “ga”, “ma” of “ba” ;De klanken die hij/zij maakt blijven eentonig en komen diep uit de keel, maakt nog geen geluiden zoals “ga”, “ma” of “ba” ;6;9;Taalproductie;false;""
5e5fa5262c06e865f80000cc;2020-03-04T13:55:02+01:00;2022-03-24T11:21:14+01:00;"";"";"";is-niet-te-kalmeren-als-hij/zij-huilt-door-tegen-hem/haar-te-praten;Is niet te kalmeren als hij/zij huilt door tegen hem/haar te praten ;Is niet te kalmeren als hij/zij huilt door tegen hem/haar te praten ;8;83;Communicatie;false;""
5e5fa5262c06e865f80000ce;2020-03-04T13:55:02+01:00;2022-03-24T11:19:11+01:00;"";"";"";lijkt-niet-te-luisteren-naar-eigen-klanken-heeft-geen-plezier-in-zichzelf-herhalen;Lijkt niet te luisteren naar eigen klanken, heeft geen plezier in zichzelf herhalen ;Lijkt niet te luisteren naar eigen klanken, heeft geen plezier in zichzelf herhalen ;9;14;Taalproductie;false;""
5e5fa5262c06e865f80000d0;2020-03-04T13:55:02+01:00;2022-03-30T14:17:25+02:00;"";"";"";brabbelt-weinig-of-niet-enkel-van-toepassing-indien-het-kind-nog-geen-woorden-gebruikt;Brabbelt weinig of niet (enkel van toepassing indien het kind nog geen woorden gebruikt);Brabbelt weinig of niet (enkel van toepassing indien het kind nog geen woorden gebruikt);10;17;Taalproductie;true;""
5e5fa5262c06e865f80000d2;2020-03-04T13:55:02+01:00;2022-03-30T14:07:16+02:00;"";"";"";gebruikt-geluiden-of-woorden-niet-spontaan-als-communicatiemiddel;Gebruikt geluiden of woorden niet spontaan als communicatiemiddel;Gebruikt geluiden of woorden niet spontaan als communicatiemiddel;12;30;Communicatie;false;""
5e5fa5262c06e865f80000d4;2020-03-04T13:55:02+01:00;2022-04-21T15:40:59+02:00;"";"";"";brabbelt-niet-met-herkenbare-zinsmelodie/laat-weinig-variatie-horen-in-de-klanken-die-hij/zij-gebr;Brabbelt niet met herkenbare zinsmelodie / laat weinig variatie horen in de klanken die hij/zij gebruikt (enkel van toepassing indien het kind nog geen woorden gebruikt);Brabbelt niet met herkenbare zinsmelodie / laat weinig variatie horen in de klanken die hij/zij gebruikt (enkel van toepassing indien het kind nog geen woorden gebruikt);12;17;Taalproductie;"";""
5e5fa5262c06e865f80000d6;2020-03-04T13:55:02+01:00;2022-04-21T15:42:03+02:00;"";"";"";doet-geen-poging-om-na-te-zeggen-wat-andere-mensen-tegen-hem/haar-zeggen;Doet geen poging om na te zeggen wat andere mensen tegen hem/haar zeggen ;Doet geen poging om na te zeggen wat andere mensen tegen hem/haar zeggen ;18;36;Taalproductie;false;""
5e5fa5262c06e865f80000d8;2020-03-04T13:55:02+01:00;2022-04-21T15:43:23+02:00;"";"";"";zegt-woorden-of-delen-van-woorden-na-maar-lijkt-deze-woord-benadering-en-zelf-niet-te-begrijpen;Zegt woorden of delen van woorden na, maar lijkt deze woord(benadering)en zelf niet te begrijpen ;Zegt woorden of delen van woorden na, maar lijkt deze woord(benadering)en zelf niet te begrijpen ;24;36;Taalproductie;false;""
5e5fa5262c06e865f80000da;2020-03-04T13:55:02+01:00;2022-04-21T13:24:41+02:00;"";"";"";zegt-nog-geen-enkel-woord-spontaan;Zegt nog geen enkel woord spontaan ;Zegt nog geen enkel woord spontaan ;18;23;Taalproductie;false;""
5e5fa5262c06e865f80000dc;2020-03-04T13:55:02+01:00;2022-04-21T13:25:40+02:00;"";"";"";kan-woorden-nabootsen-maar-gebruikt-ze-niet-spontaan;Kan woorden nabootsen, maar gebruikt ze niet spontaan ;Kan woorden nabootsen, maar gebruikt ze niet spontaan ;24;36;Taalproductie;false;""
5e5fa5262c06e865f80000de;2020-03-04T13:55:02+01:00;2022-04-21T13:26:10+02:00;"";"";"";gebruikt-minder-dan-10-woorden-spontaan;Gebruikt minder dan 10 woorden spontaan ;Gebruikt minder dan 10 woorden spontaan ;24;36;Taalproductie;true;""
5e5fa5262c06e865f80000e0;2020-03-04T13:55:02+01:00;2023-06-13T10:28:18+02:00;"";"";"";ging/gaat-achteruit-in-zijn/haar-taalontwikkeling-verloor-vaardigheden-gedurende-minstens-een-maand;Ging/gaat achteruit in zijn/haar taalontwikkeling: verloor vaardigheden gedurende minstens één maand die hij/zij eerder wel beheerste, zonder aanduidbare reden. Bv: het kind gebruikte eerst enkele woordjes, maar doet dit nu niet meer;Ging/gaat achteruit in zijn/haar taalontwikkeling: verloor vaardigheden gedurende minstens één maand die hij/zij eerder wel beheerste, zonder aanduidbare reden. Bv: het kind gebruikte eerst enkele woordjes, maar doet dit nu niet meer;24;83;Taalproductie;true;""
5e5fa5262c06e865f80000e2;2020-03-04T13:55:02+01:00;2022-04-21T13:26:38+02:00;"";"";"";trekt-volwassenen-mee-om-iets-gedaan-te-krijgen-maar-zegt-niet-wat-hij/zij-wil;Trekt volwassenen mee om iets gedaan te krijgen, maar zegt niet wat hij/zij wil ;Trekt volwassenen mee om iets gedaan te krijgen, maar zegt niet wat hij/zij wil ;30;48;Taalproductie;false;""
5e5fa5272c06e865f80000e6;2020-03-04T13:55:03+01:00;2023-09-04T16:53:49+02:00;"";"";"";reageert-vaak-niet-op-de-eigen-naam;Reageert vaak niet op de eigen naam ;Reageert vaak niet op de eigen naam ;8;83;Taalbegrip;true;""
5e5fa5272c06e865f80000e8;2020-03-04T13:55:03+01:00;2022-04-21T15:52:34+02:00;"";"";"";toont-nog-geen-begrip-van/reageert-niet-op-minstens-enkele-woorden-die-in-dagelijkse-routines-vaak;Toont nog geen begrip van / reageert niet op minstens enkele woorden die in dagelijkse routines vaak gebruikt worden (bv. naar de deur kijken als iemand zegt: “papa daar”, zwaaien als iemand “dada” zegt of glimlachen als ouder/verzorger “melk” zegt,...) ;Toont nog geen begrip van / reageert niet op minstens enkele woorden die in dagelijkse routines vaak gebruikt worden (bv. naar de deur kijken als iemand zegt: “papa daar”, zwaaien als iemand “dada” zegt of glimlachen als ouder/verzorger “melk” zegt,...) ;14;23;Taalbegrip;false;""
5e5fa5272c06e865f80000ea;2020-03-04T13:55:03+01:00;2022-03-30T14:19:00+02:00;"";"";"";kan-geen-enkelvoudige-opdracht-uitvoeren-bv-toon-de-bal-geef-mama-blokje;"Kan geen enkelvoudige opdracht uitvoeren (bv.: “Toon de bal”; “Geef mama blokje”) ";"Kan geen enkelvoudige opdracht uitvoeren (bv.: “Toon de bal”; “Geef mama blokje”) ";20;35;Taalbegrip;true;""
5e5fa5272c06e865f80000ec;2020-03-04T13:55:03+01:00;2023-06-27T11:19:44+02:00;"";"";"";begrijpt-geen-eenvoudig-verhaaltje;Begrijpt geen eenvoudig verhaaltje over herkenbare situatie (bv. verhaaltje dat dagelijkse routine beschrijft zoals naar school gaan of gaan slapen);Begrijpt geen eenvoudig verhaaltje over herkenbare situatie (bv. verhaaltje dat dagelijkse routine beschrijft zoals naar school gaan of gaan slapen);36;48;Taalbegrip;false;<p>Het verhaaltje bestaat uit een 10-tal korte zinnetjes met visuele ondersteuning (plaatjes). Het woordgebruik is dagdagelijks met herhalingen van dezelfde woorden. Het thema is concreet (in het hier en nu).</p>
5e5fa5272c06e865f80000ee;2020-03-04T13:55:03+01:00;2022-04-22T13:42:02+02:00;"";"";"";kan-geen-wie-wat-of-waar-vragen-beantwoorden;Kan geen wie-, wat- of waar-vragen beantwoorden ;Kan geen wie-, wat- of waar-vragen beantwoorden ;36;60;Taalbegrip;false;""
5e5fa5272c06e865f80000f0;2020-03-04T13:55:03+01:00;2022-04-21T15:55:54+02:00;"";"";"";kan-geen-doe-opdracht-uitvoeren-zet-het-bord-op-tafel-leg-popje-in-bedje;"Kan geen doe-opdracht uitvoeren (“Zet het bord op tafel""; “Leg popje in bed”) ";"Kan geen doe-opdracht uitvoeren (“Zet het bord op tafel""; “Leg popje in bed”) ";30;60;Taalbegrip;false;""
5e5fa5272c06e865f80000f2;2020-03-04T13:55:03+01:00;2022-03-30T14:06:38+02:00;"";"";"";begrijpt-eenvoudige-opdrachtjes-alleen-door-de-gebaren-die-iemand-maakt;Begrijpt eenvoudige opdrachtjes alleen door de gebaren die iemand maakt;Begrijpt eenvoudige opdrachtjes alleen door de gebaren die iemand maakt;36;60;Taalbegrip;false;""
5e5fa5272c06e865f80000f4;2020-03-04T13:55:03+01:00;2020-03-04T13:55:03+01:00;"";"";"";kan-geen-waarom-en-wanneer-vragen-beantwoorden;Kan geen waarom- en wanneer-vragen beantwoorden ;Kan geen waarom- en wanneer-vragen beantwoorden ;48;83;Taalbegrip;false;""
5e5fa5272c06e865f80000f6;2020-03-04T13:55:03+01:00;2022-03-30T14:19:16+02:00;"";"";"";kan-geen-dubbele-opdracht-uitvoeren-bv-pak-de-bal-en-geef-hem-aan-mij;Kan geen dubbele opdracht uitvoeren (bv: “Pak de bal en geef hem aan mij”) ;Kan geen dubbele opdracht uitvoeren (bv: “Pak de bal en geef hem aan mij”) ;48;83;Taalbegrip;true;""
5e5fa5272c06e865f80000f8;2020-03-04T13:55:03+01:00;2020-03-04T13:55:03+01:00;"";"";"";gebruikt-geen-zinnetjes-van-2-woorden;Gebruikt geen zinnetjes van 2 woorden ;Gebruikt geen zinnetjes van 2 woorden ;24;29;Taalproductie;false;""
5e5fa5272c06e865f80000fa;2020-03-04T13:55:03+01:00;2020-03-04T13:55:03+01:00;"";"";"";gebruikt-geen-zinnetjes-van-3-woorden;Gebruikt geen zinnetjes van 3 woorden ;Gebruikt geen zinnetjes van 3 woorden ;30;45;Taalproductie;false;""
5e5fa5272c06e865f80000fc;2020-03-04T13:55:03+01:00;2020-03-04T13:55:03+01:00;"";"";"";praat-niet-over-zichzelf-in-de-ik-vorm;Praat niet over zichzelf in de ik-vorm ;Praat niet over zichzelf in de ik-vorm ;36;60;Taalproductie;false;""
5e5fa5272c06e865f80000fe;2020-03-04T13:55:03+01:00;2020-03-04T13:55:03+01:00;"";"";"";gebruikt-een-meervoudsconstructie-voor-alles-bv-auto-s-stoels-beds;Gebruikt één meervoudsconstructie voor alles (bv. auto’s, stoels, beds) ;Gebruikt één meervoudsconstructie voor alles (bv. auto’s, stoels, beds) ;36;83;Taalproductie;false;""
5e5fa5272c06e865f8000100;2020-03-04T13:55:03+01:00;2020-03-04T13:55:03+01:00;"";"";"";gebruikt-geen-zinnetjes-van-4-woorden-of-meer;Gebruikt geen zinnetjes van 4 woorden of meer ;Gebruikt geen zinnetjes van 4 woorden of meer ;48;71;Taalproductie;false;""
5e5fa5272c06e865f8000102;2020-03-04T13:55:04+01:00;2020-03-04T13:55:04+01:00;"";"";"";gebruikt-wel-woorden-om-dingen-te-benoemen-maar-zet-die-willekeurig-achter-elkaar-zinsvolgorde-klo;Gebruikt wel woorden om dingen te benoemen, maar zet die willekeurig achter elkaar (zinsvolgorde klopt niet) ;Gebruikt wel woorden om dingen te benoemen, maar zet die willekeurig achter elkaar (zinsvolgorde klopt niet) ;48;83;Taalproductie;false;""
5e5fa5282c06e865f8000104;2020-03-04T13:55:04+01:00;2022-03-30T14:06:20+02:00;"";"";"";gebruikt-vooral-betekenisvolle-elementen-van-de-zin-maar-weinig-functiewoorden-zoals-lidwoorden-v;Gebruikt vooral betekenisvolle elementen van de zin, maar weinig functiewoorden (zoals lidwoorden, voorzetsels, adjectieven);Gebruikt vooral betekenisvolle elementen van de zin, maar weinig functiewoorden (zoals lidwoorden, voorzetsels, adjectieven);48;83;Taalproductie;false;""
5e5fa5282c06e865f8000106;2020-03-04T13:55:04+01:00;2020-03-04T13:55:04+01:00;"";"";"";maakt-veel-fouten-bij-vervoegen-van-werkwoorden-in-de-tegenwoordige-tijd-bv-ik-speelt-hij-speel;Maakt veel fouten bij vervoegen van werkwoorden in de tegenwoordige tijd (bv. ik speelt, hij speel) ;Maakt veel fouten bij vervoegen van werkwoorden in de tegenwoordige tijd (bv. ik speelt, hij speel) ;48;71;Taalproductie;false;""
5e5fa5282c06e865f8000108;2020-03-04T13:55:04+01:00;2020-03-04T13:55:04+01:00;"";"";"";geen-gebruik-of-verkeerd-gebruik-van-voorzetsels-bv-in-op-naast-achter-en-persoonlijke-voornaa;Geen gebruik of verkeerd gebruik van voorzetsels (bv. in, op, naast, achter) en persoonlijke voornaamwoorden (bv. ik, hij, jij) ;Geen gebruik of verkeerd gebruik van voorzetsels (bv. in, op, naast, achter) en persoonlijke voornaamwoorden (bv. ik, hij, jij) ;60;83;Taalproductie;false;""
5e5fa5282c06e865f800010a;2020-03-04T13:55:04+01:00;2020-03-04T13:55:04+01:00;"";"";"";maakt-nog-opvallend-veel-fouten-bij-gebruik-van-de-verleden-tijd;Maakt nog opvallend veel fouten bij gebruik van de verleden tijd ;Maakt nog opvallend veel fouten bij gebruik van de verleden tijd ;72;83;Taalproductie;false;""
5e5fa5282c06e865f800010c;2020-03-04T13:55:04+01:00;2020-03-04T13:55:04+01:00;"";"";"";maakt-geen-samengestelde-zinnen-met-want-en-omdat-constructies;Maakt geen samengestelde zinnen met “want” en “omdat” constructies ;Maakt geen samengestelde zinnen met “want” en “omdat” constructies ;72;83;Taalproductie;false;""
5e5fa5282c06e865f800010e;2020-03-04T13:55:04+01:00;2022-04-21T16:01:59+02:00;"";"";"";minder-dan-50-van-de-spraakuitingen-zijn-verstaanbaar-woorden-worden-niet-duidelijk-uitgesproken;Minder dan 50% van de spraakuitingen zijn duidelijk verstaanbaar door iemand die het kind goed kent (woorden worden niet duidelijk uitgesproken);Minder dan 50% van de spraakuitingen zijn duidelijk verstaanbaar door iemand die het kind goed kent (woorden worden niet duidelijk uitgesproken);36;48;Articulatie;false;""
5e5fa5282c06e865f8000110;2020-03-04T13:55:04+01:00;2020-03-04T13:55:04+01:00;"";"";"";stottert-regelmatig;Stottert regelmatig ;Stottert regelmatig ;36;83;Articulatie;false;""
5e5fa5282c06e865f8000112;2020-03-04T13:55:04+01:00;2020-03-04T13:55:04+01:00;"";"";"";vervormt-klinkers-bv-klanken-oe-ui-ei-worden-verward-met-elkaar;Vervormt klinkers (bv. klanken oe – ui – ei worden verward met elkaar) ;Vervormt klinkers (bv. klanken oe – ui – ei worden verward met elkaar) ;48;83;Articulatie;false;""
5e5fa5282c06e865f8000114;2020-03-04T13:55:04+01:00;2020-03-04T13:55:04+01:00;"";"";"";is-vaak-hees;Is vaak hees ;Is vaak hees ;48;83;Articulatie;false;""
5e5fa5282c06e865f8000116;2020-03-04T13:55:04+01:00;2020-03-04T13:55:04+01:00;"";"";"";laat-medeklinkers-in-woorden-weg-of-wijzigt-ze-bv-pip-ipv-kip-toel-ipv-stoel;Laat medeklinkers in woorden weg of wijzigt ze (bv. pip ipv. kip, toel ipv. stoel) ;Laat medeklinkers in woorden weg of wijzigt ze (bv. pip ipv. kip, toel ipv. stoel) ;52;83;Articulatie;false;""
5e5fa5282c06e865f8000118;2020-03-04T13:55:04+01:00;2020-03-04T13:55:04+01:00;"";"";"";kan-slecht-klanken-onderscheiden-die-op-elkaar-lijken-bv-groot-en-rood-bang-en-bank;Kan slecht klanken onderscheiden die op elkaar lijken (bv. groot en rood, bang en bank) ;Kan slecht klanken onderscheiden die op elkaar lijken (bv. groot en rood, bang en bank) ;60;83;Articulatie;false;""
5e5fa5282c06e865f800011a;2020-03-04T13:55:04+01:00;2022-03-30T14:05:58+02:00;"";"";"";reageert-meestal-niet-wanneer-er-tegen-hem/haar-gesproken-wordt-een-baby-kan-dit-doen-door-geluidje;Reageert meestal niet wanneer er tegen hem/haar gesproken wordt. Een baby kan dit doen door geluidjes te maken, een ouder kind door iets terug te zeggen.;Reageert meestal niet wanneer er tegen hem/haar gesproken wordt. Een baby kan dit doen door geluidjes te maken, een ouder kind door iets terug te zeggen.;6;83;Communicatie;false;""
5e5fa5282c06e865f800011c;2020-03-04T13:55:05+01:00;2020-03-04T13:55:05+01:00;"";"";"";steekt-de-armen-niet-uit-om-opgepakt-te-worden;Steekt de armen niet uit om opgepakt te worden ;Steekt de armen niet uit om opgepakt te worden ;10;18;Communicatie;false;""
5e5fa5292c06e865f800011e;2020-03-04T13:55:05+01:00;2022-04-21T16:12:05+02:00;"";"";"";maakt-zelden-duidelijk-dat-hij/zij-hulp-nodig-heeft-of-een-voorwerp-willen-dat-buiten-bereik-is;Maakt zelden duidelijk dat hij/zij hulp nodig heeft of een voorwerp wil dat buiten bereik is;Maakt zelden duidelijk dat hij/zij hulp nodig heeft of een voorwerp wil dat buiten bereik is;10;36;Communicatie;false;""
5e5fa5292c06e865f8000120;2020-03-04T13:55:05+01:00;2020-03-04T13:55:05+01:00;"";"";"";gebruikt-zelden-geluiden-of-taal-om-aandacht-of-hulp-te-krijgen;Gebruikt zelden geluiden of taal om aandacht of hulp te krijgen ;Gebruikt zelden geluiden of taal om aandacht of hulp te krijgen ;10;36;Communicatie;false;""
5e5fa5292c06e865f8000122;2020-03-04T13:55:05+01:00;2022-04-21T16:13:13+02:00;"";"";"";hij/zij-toont-zelden-of-nooit-zijn/haar-emoties-zoals-woede-verbazing-verwarring-schrik-vreugde;Toont zelden of nooit zijn/haar emoties (zoals woede, verbazing, verwarring, schrik, vreugde, verdriet, ontevredenheid, ...) ;Toont zelden of nooit zijn/haar emoties (zoals woede, verbazing, verwarring, schrik, vreugde, verdriet, ontevredenheid, ...) ;12;83;Communicatie;false;""
5e5fa5292c06e865f8000124;2020-03-04T13:55:05+01:00;2020-03-04T13:55:05+01:00;"";"";"";laat-weinig-variatie-zien-in-zijn/haar-gelaatsuitdrukkingen-bv-enkel-neutrale-gezichtsuitdrukking;Laat weinig variatie zien in zijn/haar gelaatsuitdrukkingen (bv. enkel neutrale gezichtsuitdrukking en glimlachen) ;Laat weinig variatie zien in zijn/haar gelaatsuitdrukkingen (bv. enkel neutrale gezichtsuitdrukking en glimlachen) ;12;83;Communicatie;false;""
5e5fa5292c06e865f8000126;2020-03-04T13:55:05+01:00;2022-03-30T14:05:36+02:00;"";"";"";gebruikt-regelmatig-de-hand-van-een-andere-persoon-als-instrument-om-een-gewenst-voorwerp-te-bemacht;Gebruikt regelmatig de hand van een andere persoon als instrument om een gewenst voorwerp te bemachtigen of om een bepaalde handeling uit te voeren, zonder daarbij oogcontact te maken.;Gebruikt regelmatig de hand van een andere persoon als instrument om een gewenst voorwerp te bemachtigen of om een bepaalde handeling uit te voeren, zonder daarbij oogcontact te maken.;12;36;Communicatie;false;""
5e5fa5292c06e865f8000128;2020-03-04T13:55:05+01:00;2020-03-04T13:55:05+01:00;"";"";"";gebruikt-geen-enkel-gebaar-bv-hoofdknikken-hoofdschudden-wijzen;Gebruikt geen enkel gebaar (bv. hoofdknikken, hoofdschudden, wijzen…) ;Gebruikt geen enkel gebaar (bv. hoofdknikken, hoofdschudden, wijzen…) ;12;36;Communicatie;false;""
5e5fa5292c06e865f800012a;2020-03-04T13:55:05+01:00;2020-03-04T13:55:05+01:00;"";"";"";zwaait-niet-om-dag-te-zeggen;Zwaait niet om dag te zeggen ;Zwaait niet om dag te zeggen ;14;36;Communicatie;false;""
5e5fa5292c06e865f800012c;2020-03-04T13:55:05+01:00;2022-03-30T14:19:41+02:00;"";"";"";wanneer-iemand-iets-aanwijst-ergens-anders-in-de-kamer-kijkt-hij/zij-meestal-niet-mee;Wanneer iemand iets aanwijst ergens anders in de kamer, kijkt hij/zij meestal niet mee;Wanneer iemand iets aanwijst ergens anders in de kamer, kijkt hij/zij meestal niet mee;14;83;Communicatie;true;""
5e5fa5292c06e865f800012e;2020-03-04T13:55:06+01:00;2022-04-21T16:31:28+02:00;"";"";"";wijst-niet-met-de-wijsvinger-om-te-tonen-wat-hij/zij-wil;Wijst niet (met de wijsvinger) om te tonen wat hij/zij wil;Wijst niet (met de wijsvinger) om te tonen wat hij/zij wil;16;48;Communicatie;false;""
5e5fa52a2c06e865f8000130;2020-03-04T13:55:06+01:00;2022-04-21T16:32:10+02:00;"";"";"";wijst-niet-met-de-wijsvinger-om-zijn/haar-interesse-te-delen-bv-naar-een-vliegtuig-in-de-lucht;Wijst niet (met de wijsvinger) om zijn/haar interesse te delen (bv. naar een vliegtuig in de lucht);Wijst niet (met de wijsvinger) om zijn/haar interesse te delen (bv. naar een vliegtuig in de lucht);16;48;Communicatie;true;""
5e5fa52a2c06e865f8000132;2020-03-04T13:55:06+01:00;2020-03-04T13:55:06+01:00;"";"";"";kan-niet-zeggen-hoe-hij/zij-heet;Kan niet zeggen hoe hij/zij heet ;Kan niet zeggen hoe hij/zij heet ;36;48;Communicatie;false;""
5e5fa52a2c06e865f8000134;2020-03-04T13:55:06+01:00;2022-04-21T16:38:05+02:00;"";"";"";kan-niet-vertellen-over-zaken-binnen-het-hier-en-nu-bv-wat-hij/zij-nu-aan-het-doen-is;Kan niet vertellen over zaken binnen het hier en nu (bv. wat hij/zij nu aan het doen is) ;Kan niet vertellen over zaken binnen het hier en nu (bv. wat hij/zij nu aan het doen is) ;36;59;Communicatie;false;""
5e5fa52a2c06e865f8000136;2020-03-04T13:55:06+01:00;2020-03-04T13:55:06+01:00;"";"";"";stelt-geen-vragen-bv-wat-is-dat-waar-is-papa;"Stelt geen vragen (bv. Wat is dat? ; Waar is papa?) ";"Stelt geen vragen (bv. Wat is dat? ; Waar is papa?) ";36;83;Communicatie;false;""
5e5fa52a2c06e865f8000138;2020-03-04T13:55:06+01:00;2022-03-30T14:04:21+02:00;"";"";"";het-is-niet-mogelijk-om-een-gesprek-met-hem/haar-te-voeren-waarbij-hij/zij-voortbouwt-op-wat-een-and;Het is niet mogelijk om een gesprek met hem/haar te voeren waarbij hij/zij voortbouwt op wat een ander zegt;Het is niet mogelijk om een gesprek met hem/haar te voeren waarbij hij/zij voortbouwt op wat een ander zegt;48;83;Communicatie;false;""
5e5fa52a2c06e865f800013a;2020-03-04T13:55:06+01:00;2020-03-04T13:55:06+01:00;"";"";"";heeft-een-vreemd-taalgebruik-bv-zegt-letterlijk-na-wat-iemand-anders-net-zei-verzint-vaak-eigen-w;Heeft een vreemd taalgebruik (bv. zegt letterlijk na wat iemand anders net zei, verzint vaak eigen woorden, praat opvallend volwassen voor zijn/haar leeftijd) ;Heeft een vreemd taalgebruik (bv. zegt letterlijk na wat iemand anders net zei, verzint vaak eigen woorden, praat opvallend volwassen voor zijn/haar leeftijd) ;48;83;Communicatie;false;""
5e5fa52a2c06e865f800013c;2020-03-04T13:55:06+01:00;2020-03-04T13:55:06+01:00;"";"";"";vertelt-niet-spontaan-over-gebeurtenissen-thuis-of-op-school;Vertelt niet spontaan over gebeurtenissen thuis of op school ;Vertelt niet spontaan over gebeurtenissen thuis of op school ;60;83;Communicatie;false;""
5e5fa52a2c06e865f800013e;2020-03-04T13:55:06+01:00;2020-03-04T13:55:06+01:00;"";"";"";kan-niet-vertellen-over-zaken-buiten-het-hier-en-nu-bv-over-wat-hij/zij-in-het-weekend-of-tijdens;Kan niet vertellen over zaken buiten het hier en nu (bv. over wat hij/zij in het weekend of tijdens de vakantie gedaan heeft) ;Kan niet vertellen over zaken buiten het hier en nu (bv. over wat hij/zij in het weekend of tijdens de vakantie gedaan heeft) ;60;83;Communicatie;false;""
5e5fa52a2c06e865f8000140;2020-03-04T13:55:06+01:00;2022-03-30T14:04:11+02:00;"";"";"";praat-vaak-over-hetzelfde-onderwerp;Praat vaak over hetzelfde onderwerp;Praat vaak over hetzelfde onderwerp;60;83;Communicatie;false;""
5e5fa52a2c06e865f8000142;2020-03-04T13:55:07+01:00;2022-04-21T16:40:35+02:00;"";"";"";juf-moet-vaak-tussenkomen-bij-groepsspel-als-hij/zij-hieraan-deelneemt;Juf moet vaak tussenkomen bij groepsspel als hij/zij hieraan deelneemt ;Juf moet vaak tussenkomen bij groepsspel als hij/zij hieraan deelneemt ;72;83;Interactie met anderen;false;""
5e5fa52b2c06e865f8000144;2020-03-04T13:55:07+01:00;2022-04-21T16:44:46+02:00;"";"";"";maakt-zelden-of-nooit-oogcontact-met-ouders/verzorgers;Maakt zelden of nooit oogcontact met ouders/verzorgers ;Maakt zelden of nooit oogcontact met ouders/verzorgers ;3;83;Interactie met anderen;false;""
5e5fa52b2c06e865f8000146;2020-03-04T13:55:07+01:00;2020-03-04T13:55:07+01:00;"";"";"";glimlacht-niet-naar-ouders/verzorgers;Glimlacht niet naar ouders/verzorgers ;Glimlacht niet naar ouders/verzorgers ;3;12;Interactie met anderen;false;""
5e5fa52b2c06e865f8000148;2020-03-04T13:55:07+01:00;2020-03-04T13:55:07+01:00;"";"";"";vindt-het-niet-leuk-om-geknuffeld-of-aangeraakt-te-worden;Vindt het niet leuk om geknuffeld of aangeraakt te worden ;Vindt het niet leuk om geknuffeld of aangeraakt te worden ;3;83;Interactie met anderen;false;""
5e5fa52b2c06e865f800014a;2020-03-04T13:55:07+01:00;2020-03-04T13:55:07+01:00;"";"";"";reageert-vaak-niet-wanneer-iemand-tegen-hem/haar-praat-lijkt-doof;Reageert vaak niet wanneer iemand tegen hem/haar praat, lijkt doof;Reageert vaak niet wanneer iemand tegen hem/haar praat, lijkt doof;3;83;Interactie met anderen;false;""
5e5fa52b2c06e865f800014c;2020-03-04T13:55:07+01:00;2020-03-04T13:55:07+01:00;"";"";"";lacht-wel-naar-draaiende-voorwerpen-of-licht-maar-niet-naar-mensen;Lacht wel naar draaiende voorwerpen of licht, maar niet naar mensen ;Lacht wel naar draaiende voorwerpen of licht, maar niet naar mensen ;4;24;Interactie met anderen;false;""
5e5fa52b2c06e865f800014e;2020-03-04T13:55:07+01:00;2023-01-17T13:03:47+01:00;"";"";"";is-niet-te-troosten-door-de-aanwezigheid-van-een-ouder/verzorger;Is moeilijk te troosten door de aanwezigheid van een ouder/verzorger ;Is moeilijk te troosten door de aanwezigheid van een ouder/verzorger ;3;83;Interactie met anderen;false;""
5e5fa52b2c06e865f8000150;2020-03-04T13:55:07+01:00;2020-03-04T13:55:07+01:00;"";"";"";reageert-niet-op-contactspelletjes-bv-kriebelen;Reageert niet op contactspelletjes (bv. kriebelen) ;Reageert niet op contactspelletjes (bv. kriebelen) ;6;36;Interactie met anderen;false;""
5e5fa52b2c06e865f8000152;2020-03-04T13:55:07+01:00;2022-04-21T16:50:33+02:00;"";"";"";lacht-niet-terug-naar-bekende-personen-als-hij/zij-toegelachen-wordt-sociale-glimlach;Lacht meestal niet terug naar bekende personen als hij/zij toegelachen wordt (sociale glimlach) ;Lacht meestal niet terug naar bekende personen als hij/zij toegelachen wordt (sociale glimlach) ;6;83;Interactie met anderen;false;""
5e5fa52b2c06e865f8000154;2020-03-04T13:55:07+01:00;2020-03-04T13:55:07+01:00;"";"";"";kijkt-zelden-of-nooit-naar-activiteiten-of-spel-van-andere-kinderen-of-volwassenen;Kijkt zelden of nooit naar activiteiten of spel van andere kinderen of volwassenen ;Kijkt zelden of nooit naar activiteiten of spel van andere kinderen of volwassenen ;7;18;Interactie met anderen;false;""
5e5fa52b2c06e865f8000156;2020-03-04T13:55:07+01:00;2020-03-04T13:55:07+01:00;"";"";"";reageert-niet-op-zichzelf-in-de-spiegel;Reageert niet op zichzelf in de spiegel ;Reageert niet op zichzelf in de spiegel ;9;24;Interactie met anderen;false;""
5e5fa52b2c06e865f8000158;2020-03-04T13:55:07+01:00;2022-03-30T14:03:52+02:00;"";"";"";maakt-meestal-geen-oogcontact-met-ouders/verzorgers-wanneer-hij/zij-hulp-nodig-heeft;Maakt meestal geen oogcontact met ouders/verzorgers wanneer hij/zij hulp nodig heeft;Maakt meestal geen oogcontact met ouders/verzorgers wanneer hij/zij hulp nodig heeft;10;36;Interactie met anderen;false;""
5e5fa52b2c06e865f800015c;2020-03-04T13:55:07+01:00;2020-03-04T13:55:07+01:00;"";"";"";is-niet-geinteresseerd-in-kiekeboe-spel;Is niet geïnteresseerd in kiekeboe-spel ;Is niet geïnteresseerd in kiekeboe-spel ;10;24;Interactie met anderen;false;""
5e5fa52b2c06e865f800015e;2020-03-04T13:55:07+01:00;2020-03-04T13:55:07+01:00;"";"";"";checkt-zelden-of-de-ouder/verzorger-kijkt-wanneer-hij/zij-aan-het-spelen-is;Checkt zelden of de ouder/verzorger kijkt, wanneer hij/zij aan het spelen is ;Checkt zelden of de ouder/verzorger kijkt, wanneer hij/zij aan het spelen is ;12;30;Interactie met anderen;false;""
5e5fa52b2c06e865f8000160;2020-03-04T13:55:07+01:00;2020-03-04T13:55:07+01:00;"";"";"";zoekt-niet-naar-een-ouder/verzorger-wanneer-hij/zij-overstuur-is;Zoekt niet naar een ouder/verzorger wanneer hij/zij overstuur is ;Zoekt niet naar een ouder/verzorger wanneer hij/zij overstuur is ;12;36;Interactie met anderen;false;""
5e5fa52b2c06e865f8000162;2020-03-04T13:55:08+01:00;2020-03-04T13:55:08+01:00;"";"";"";probeert-niet-om-de-aandacht-van-ouders/verzorgers-te-trekken-wanneer-hij/zij-een-tijdje-alleen-word;Probeert niet om de aandacht van ouders/verzorgers te trekken wanneer hij/zij een tijdje alleen wordt gelaten ;Probeert niet om de aandacht van ouders/verzorgers te trekken wanneer hij/zij een tijdje alleen wordt gelaten ;12;30;Interactie met anderen;false;""
5e5fa52c2c06e865f8000164;2020-03-04T13:55:08+01:00;2022-03-30T14:03:39+02:00;"";"";"";toont-geen-voorwerpen-aan-andere-personen-om-zijn/haar-interesse-te-delen;Toont geen voorwerpen aan andere personen om zijn/haar interesse te delen;Toont geen voorwerpen aan andere personen om zijn/haar interesse te delen;12;83;Interactie met anderen;false;""
5e5fa52c2c06e865f8000166;2020-03-04T13:55:08+01:00;2020-03-04T13:55:08+01:00;"";"";"";geeft-geen-voorwerpen-aan-andere-personen-bv-wanneer-hij/zij-hulp-nodig-heeft-of-om-iets-samen-te;Geeft geen voorwerpen aan andere personen, bv. wanneer hij/zij hulp nodig heeft of om iets samen te doen ;Geeft geen voorwerpen aan andere personen, bv. wanneer hij/zij hulp nodig heeft of om iets samen te doen ;12;36;Interactie met anderen;false;""
5e5fa52c2c06e865f8000168;2020-03-04T13:55:08+01:00;2020-03-04T13:55:08+01:00;"";"";"";reageert-niet-op-applaus-door-ouders/gekende-verzorgers;Reageert niet op applaus door ouders/gekende verzorgers ;Reageert niet op applaus door ouders/gekende verzorgers ;12;24;Interactie met anderen;false;""
5e5fa52c2c06e865f800016a;2020-03-04T13:55:08+01:00;2020-03-04T13:55:08+01:00;"";"";"";knuffelt-niet-spontaan-met-ouders/verzorgers;Knuffelt niet spontaan met ouders/verzorgers ;Knuffelt niet spontaan met ouders/verzorgers ;15;83;Interactie met anderen;false;""
5e5fa52c2c06e865f800016c;2020-03-04T13:55:08+01:00;2023-06-13T10:39:46+02:00;"";"";"";ging/gaat-achteruit-in-zijn/haar-sociale-ontwikkeling-verloor-vaardigheden-gedurende-minstens-een-m;"Ging/gaat achteruit in zijn/haar sociale ontwikkeling: verloor vaardigheden gedurende minstens één maand die hij/zij eerder wel beheerste, zonder aanduidbare reden. Bv: hij/zij glimlachte vroeger wel, maar nu niet meer; neemt plots veel minder initiatief om in interactie te gaan met anderen dan vroeger";"Ging/gaat achteruit in zijn/haar sociale ontwikkeling: verloor vaardigheden gedurende minstens één maand die hij/zij eerder wel beheerste, zonder aanduidbare reden. Bv: hij/zij glimlachte vroeger wel, maar nu niet meer; neemt plots veel minder initiatief om in interactie te gaan met anderen dan vroeger";18;83;Interactie met anderen;true;""
5e5fa52c2c06e865f800016e;2020-03-04T13:55:08+01:00;2020-03-04T13:55:08+01:00;"";"";"";het-is-moeilijk-om-samen-met-een-ouder/verzorger-met-een-speeltje-bezig-te-zijn-omdat-hij/zij-ofwel;Het is moeilijk om samen met een ouder/verzorger met een speeltje bezig te zijn omdat hij/zij ofwel blijft focussen op het speeltje, ofwel op het gezicht van de ouder/verzorger ;Het is moeilijk om samen met een ouder/verzorger met een speeltje bezig te zijn omdat hij/zij ofwel blijft focussen op het speeltje, ofwel op het gezicht van de ouder/verzorger ;18;36;Interactie met anderen;false;""
5e5fa52c2c06e865f8000170;2020-03-04T13:55:08+01:00;2020-03-04T13:55:08+01:00;"";"";"";combineert-oogcontact-meestal-niet-met-andere-vormen-van-communicatie-bv-wijst-zonder-daarbij-oogc;"Combineert oogcontact meestal niet met andere vormen van communicatie (bv. wijst zonder daarbij oogcontact te maken; brabbelt of zegt iets, maar kijkt een andere persoon daarbij niet aan; glimlacht vaak zonder iemand aan te kijken) ";"Combineert oogcontact meestal niet met andere vormen van communicatie (bv. wijst zonder daarbij oogcontact te maken; brabbelt of zegt iets, maar kijkt een andere persoon daarbij niet aan; glimlacht vaak zonder iemand aan te kijken) ";18;83;Interactie met anderen;false;""
5e5fa52c2c06e865f8000172;2020-03-04T13:55:08+01:00;2022-04-21T16:54:28+02:00;"";"";"";deelt-zelden-of-nooit-zijn/haar-plezier-of-interesses-met-anderen-door-te-glimlachen-naar-anderen;Deelt zelden of nooit zijn/haar plezier of interesses met anderen (door te glimlachen naar anderen, door oogcontact te maken, iets te tonen of te geven) ;Deelt zelden of nooit zijn/haar plezier of interesses met anderen (door te glimlachen naar anderen, door oogcontact te maken, iets te tonen of te geven) ;18;83;Interactie met anderen;true;""
5e5fa52c2c06e865f8000174;2020-03-04T13:55:08+01:00;2020-03-04T13:55:08+01:00;"";"";"";zoekt-andere-mensen-alleen-op-wanneer-hij/zij-hulp-nodig-heeft;Zoekt andere mensen alleen op wanneer hij/zij hulp nodig heeft ;Zoekt andere mensen alleen op wanneer hij/zij hulp nodig heeft ;18;83;Interactie met anderen;false;""
5e5fa52c2c06e865f8000176;2020-03-04T13:55:08+01:00;2022-04-21T16:55:32+02:00;"";"";"";lijkt-het-vaak-niet-op-te-merken-als-een-ouder-weggaat-of-terugkomt;Lijkt het vaak niet op te merken als een ouder/verzorger weggaat of terugkomt ;Lijkt het vaak niet op te merken als een ouder/verzorger weggaat of terugkomt ;18;36;Interactie met anderen;false;""
5e5fa52c2c06e865f8000178;2020-03-04T13:55:08+01:00;2020-03-04T13:55:08+01:00;"";"";"";speelt-vooral-alleen;Speelt vooral alleen ;Speelt vooral alleen ;24;83;Interactie met anderen;false;""
5e5fa52c2c06e865f800017a;2020-03-04T13:55:08+01:00;2020-03-04T13:55:08+01:00;"";"";"";stapt-zelden-of-nooit-zelf-op-andere-kinderen-toe-om-mee-te-spelen;Stapt zelden of nooit zelf op andere kinderen toe om mee te spelen ;Stapt zelden of nooit zelf op andere kinderen toe om mee te spelen ;36;83;Interactie met anderen;false;""
5e5fa52c2c06e865f800017c;2020-03-04T13:55:08+01:00;2020-03-04T13:55:08+01:00;"";"";"";wordt-vaak-heel-driftig-als-iets-van-hem/haar-wordt-geeist-dit-is-moeilijk-te-doorbreken-en-het-duu;Wordt vaak heel driftig als iets van hem/haar wordt geëist. Dit is moeilijk te doorbreken en het duurt vaak lang vooraleer hij/zij kalmeert;Wordt vaak heel driftig als iets van hem/haar wordt geëist. Dit is moeilijk te doorbreken en het duurt vaak lang vooraleer hij/zij kalmeert;36;83;Interactie met anderen;false;""
5e5fa52c2c06e865f800017e;2020-03-04T13:55:08+01:00;2020-03-04T13:55:08+01:00;"";"";"";luistert-zelden-of-nooit-naar-wat-andere-kinderen-zeggen-tijdens-kringgesprekje-op-school;Luistert zelden of nooit naar wat andere kinderen zeggen tijdens kringgesprekje op school ;Luistert zelden of nooit naar wat andere kinderen zeggen tijdens kringgesprekje op school ;48;83;Interactie met anderen;false;""
5e5fa52c2c06e865f8000180;2020-03-04T13:55:09+01:00;2020-03-04T13:55:09+01:00;"";"";"";gaat-zelden-of-nooit-een-goed-gekende-persoon-troosten;Gaat zelden of nooit een goed gekende persoon troosten ;Gaat zelden of nooit een goed gekende persoon troosten ;60;83;Interactie met anderen;false;""
5e5fa52d2c06e865f8000182;2020-03-04T13:55:09+01:00;2020-03-04T13:55:09+01:00;"";"";"";geeft-zelden-of-nooit-toe-aan-wat-iemand-anders-wil;Geeft zelden of nooit toe aan wat iemand anders wil ;Geeft zelden of nooit toe aan wat iemand anders wil ;60;83;Interactie met anderen;false;""
5e5fa52d2c06e865f8000184;2020-03-04T13:55:09+01:00;2020-03-04T13:55:09+01:00;"";"";"";kan-geen-speelgoed-delen;Kan geen speelgoed delen ;Kan geen speelgoed delen ;60;83;Interactie met anderen;false;""
5e5fa52d2c06e865f8000186;2020-03-04T13:55:09+01:00;2022-04-21T15:45:25+02:00;"";"";"";doet-geen-eenvoudige-gebaren-na-bv-handjes-draaien-klappen-tonen-hoe-groot-hij/zij-is;Doet geen eenvoudige gebaren na (bv. handjes draaien, klappen, tonen hoe groot hij/zij is, ...) ;Doet geen eenvoudige gebaren na (bv. handjes draaien, klappen, tonen hoe groot hij/zij is, ...) ;16;36;Imitatie;false;""
5e5fa52d2c06e865f8000188;2020-03-04T13:55:09+01:00;2022-04-21T15:46:17+02:00;"";"";"";probeert-activiteiten-of-spel-van-ouders/verzorgers-niet-na-te-doen-bv-ook-willen-stofzuigen-als-o;Probeert activiteiten of spel van ouders/verzorgers niet na te doen (bv. ook willen stofzuigen als ouders/verzorgers dit doen, mee willen helpen met de was, ook telefoon aan oor houden wanneer hij/zij ouders/verzorgers dit ziet doen, enz.) ;Probeert activiteiten of spel van ouders/verzorgers niet na te doen (bv. ook willen stofzuigen als ouders/verzorgers dit doen, mee willen helpen met de was, ook telefoon aan oor houden wanneer hij/zij ouders/verzorgers dit ziet doen, enz.) ;18;36;Imitatie;true;""
5e5fa52d2c06e865f800018a;2020-03-04T13:55:09+01:00;2022-04-21T15:45:50+02:00;"";"";"";doet-gebaren-en-bewegingen-van-anderen-niet-spontaan-na-bv-gebaren-bij-liedjes-dansjes-op-school;Doet gebaren en bewegingen van anderen niet spontaan na (bv. gebaren bij liedjes, dansjes op school) ;Doet gebaren en bewegingen van anderen niet spontaan na (bv. gebaren bij liedjes, dansjes op school) ;37;83;Imitatie;false;""
5e5fa52d2c06e865f800018c;2020-03-04T13:55:09+01:00;2022-04-21T16:57:44+02:00;"";"";"";doet-het-spel-van-andere-kinderen-zelden-of-nooit-spontaan-na;Doet het spel van andere kinderen zelden of nooit spontaan na ;Doet het spel van andere kinderen zelden of nooit spontaan na ;36;83;Imitatie;true;""
5e5fa52d2c06e865f800018e;2020-03-04T13:55:09+01:00;2022-03-30T14:21:43+02:00;"";"";"";zondert-zich-af-van-andere-kinderen-bv-in-de-kinderopvang-of-op-school-vaak-ergens-alleen-gaan-zit;Zondert zich af van andere kinderen (bv. in de kinderopvang of op school vaak ergens alleen gaan zitten, weg van de andere kinderen) ;Zondert zich af van andere kinderen (bv. in de kinderopvang of op school vaak ergens alleen gaan zitten, weg van de andere kinderen) ;18;83;Samen spelen;true;""
5e5fa52d2c06e865f8000190;2020-03-04T13:55:09+01:00;2020-03-04T13:55:09+01:00;"";"";"";heeft-een-overdreven-voorkeur-voor-een-persoon;Heeft een overdreven voorkeur voor één persoon ;Heeft een overdreven voorkeur voor één persoon ;48;83;Samen spelen;false;""
5e5fa52d2c06e865f8000192;2020-03-04T13:55:09+01:00;2020-03-04T13:55:09+01:00;"";"";"";vindt-geen-aansluiting-bij-op-zijn-minst-een-klasgenootje-heeft-geen-vriendjes-op-school;Vindt geen aansluiting bij op zijn minst één klasgenootje, heeft geen vriendjes op school ;Vindt geen aansluiting bij op zijn minst één klasgenootje, heeft geen vriendjes op school ;48;83;Samen spelen;false;""
5e5fa52d2c06e865f8000194;2020-03-04T13:55:09+01:00;2020-03-04T13:55:09+01:00;"";"";"";houdt-zich-niet-aan-expliciete-regels-o-a-in-gesprekskring-blijven-zitten-in-zelfde-hoekje-blijve;Houdt zich niet aan expliciete regels (o.a. in gesprekskring blijven zitten, in zelfde hoekje blijven spelen) ;Houdt zich niet aan expliciete regels (o.a. in gesprekskring blijven zitten, in zelfde hoekje blijven spelen) ;60;83;Samen spelen;false;""
5e5fa52d2c06e865f8000196;2020-03-04T13:55:09+01:00;2020-03-04T13:55:09+01:00;"";"";"";doet-niet-mee-aan-groepsspel-bv-verstoppertje-tikkertje-1-2-3-piano;Doet niet mee aan groepsspel (bv. verstoppertje, tikkertje, 1 2 3 piano,…) ;Doet niet mee aan groepsspel (bv. verstoppertje, tikkertje, 1 2 3 piano,…) ;60;83;Samen spelen;false;""
5e5fa52d2c06e865f8000198;2020-03-04T13:55:09+01:00;2020-03-04T13:55:09+01:00;"";"";"";kan-niet-samen-met-een-ander-kind-een-taak-uitvoeren-krijgt-ruzie-of-trekt-zich-terug;"Kan niet samen met een ander kind een taak uitvoeren; krijgt ruzie of trekt zich terug ";"Kan niet samen met een ander kind een taak uitvoeren; krijgt ruzie of trekt zich terug ";60;83;Samen spelen;false;""
5e5fa52d2c06e865f800019a;2020-03-04T13:55:10+01:00;2020-03-04T13:55:10+01:00;"";"";"";is-niet-geinteresseerd-in-voorwerpen/speelgoed;Is niet geïnteresseerd in voorwerpen / speelgoed ;Is niet geïnteresseerd in voorwerpen / speelgoed ;4;18;Stereotiep spel en stereotiepe bewegingen;false;""
5e5fa52e2c06e865f800019c;2020-03-04T13:55:10+01:00;2022-03-30T14:02:59+02:00;"";"";"";is-vooral-geinteresseerd-in-een-bepaald-type-voorwerpen-bv-auto-s-of-knoppen-en-heeft-weinig-inte;Is vooral geïnteresseerd in een bepaald type voorwerpen (bv. auto’s of knoppen) en heeft weinig interesse in andere voorwerpen;Is vooral geïnteresseerd in een bepaald type voorwerpen (bv. auto’s of knoppen) en heeft weinig interesse in andere voorwerpen;12;17;Stereotiep spel en stereotiepe bewegingen;false;""
5e5fa52e2c06e865f800019e;2020-03-04T13:55:10+01:00;2022-03-30T14:02:53+02:00;"";"";"";steekt-enkel-speelgoed-in-de-mond-of-gooit-ermee-maar-speelt-niet-op-een-gevarieerde-manier-met-spe;Steekt enkel speelgoed in de mond of gooit ermee, maar speelt niet op een gevarieerde manier met speelgoed;Steekt enkel speelgoed in de mond of gooit ermee, maar speelt niet op een gevarieerde manier met speelgoed;12;30;Stereotiep spel en stereotiepe bewegingen;false;""
5e5fa52e2c06e865f80001a0;2020-03-04T13:55:10+01:00;2022-03-30T14:02:48+02:00;"";"";"";herhaalt-vaak-dezelfde-lichaamsbeweging-of-hetzelfde-bewegingspatroon-zonder-variatie-aan-te-brenge;Herhaalt vaak dezelfde lichaamsbeweging of hetzelfde bewegingspatroon, zonder variatie aan te brengen;Herhaalt vaak dezelfde lichaamsbeweging of hetzelfde bewegingspatroon, zonder variatie aan te brengen;12;30;Stereotiep spel en stereotiepe bewegingen;false;""
5e5fa52e2c06e865f80001a2;2020-03-04T13:55:10+01:00;2022-03-30T14:02:42+02:00;"";"";"";neemt-vaak-ongewone-houdingen-aan-bv-op-de-tenen-lopen-met-het-hoofd-tegen-de-voeten-zitten;Neemt vaak ongewone houdingen aan (bv. op de tenen lopen, met het hoofd tegen de voeten zitten);Neemt vaak ongewone houdingen aan (bv. op de tenen lopen, met het hoofd tegen de voeten zitten);12;83;Stereotiep spel en stereotiepe bewegingen;false;""
5e5fa52e2c06e865f80001a4;2020-03-04T13:55:10+01:00;2022-03-30T14:02:36+02:00;"";"";"";heeft-een-buitengewone-interesse-in-bepaalde-voorwerpen-bv-voorwerpen-die-blinken-of-auto-s-in-b;Heeft een buitengewone interesse in bepaalde voorwerpen (bv. voorwerpen die blinken of auto’s), in bewegende voorwerpen (bv. wasmachines of ventilators), of in delen van voorwerpen (bv. wieltjes van een auto);Heeft een buitengewone interesse in bepaalde voorwerpen (bv. voorwerpen die blinken of auto’s), in bewegende voorwerpen (bv. wasmachines of ventilators), of in delen van voorwerpen (bv. wieltjes van een auto);18;83;Stereotiep spel en stereotiepe bewegingen;false;""
5e5fa52e2c06e865f80001a6;2020-03-04T13:55:10+01:00;2020-03-04T13:55:10+01:00;"";"";"";rangschikt-vaak-voorwerpen-op-een-rij-of-laat-steeds-voorwerpen-draaien;Rangschikt vaak voorwerpen op een rij of laat steeds voorwerpen draaien ;Rangschikt vaak voorwerpen op een rij of laat steeds voorwerpen draaien ;18;83;Stereotiep spel en stereotiepe bewegingen;false;""
5e5fa52e2c06e865f80001a8;2020-03-04T13:55:10+01:00;2022-03-30T14:22:08+02:00;"";"";"";maakt-vreemde-bewegingen-met-de-vingers-voor-zijn/haar-ogen;Maakt vreemde bewegingen met de vingers voor zijn/haar ogen;Maakt vreemde bewegingen met de vingers voor zijn/haar ogen;18;83;Stereotiep spel en stereotiepe bewegingen;true;""
5e5fa52e2c06e865f80001aa;2020-03-04T13:55:10+01:00;2023-06-13T10:46:54+02:00;"";"";"";gebruikt-voorwerpen-niet-op-de-manier-waarop-ze-bedoeld-zijn-bv-stapelen-met-auto-s-en-niet-met-bl;"Kan niet met speelgoed spelen op de manier waarvoor het gemaakt is (bv. stapelen met auto’s in plaats van ermee te rijden; blokken uit- en inladen in plaats van ermee te bouwen)";"Kan niet met speelgoed spelen op de manier waarvoor het gemaakt is (bv. stapelen met auto’s in plaats van ermee te rijden; blokken uit- en inladen in plaats van ermee te bouwen)";30;83;Stereotiep spel en stereotiepe bewegingen;true;""
5e5fa52e2c06e865f80001ac;2020-03-04T13:55:10+01:00;2022-03-30T14:22:59+02:00;"";"";"";maakt-vaak-eigenaardige-bewegingen-zoals-schommelen-met-handen-wapperen-met-bladen-van-een-boekje;Maakt vaak eigenaardige bewegingen zoals schommelen, met handen wapperen, met bladen van een boekje flapperen. Deze bewegingen zijn niet te onderbreken.;Maakt vaak eigenaardige bewegingen zoals schommelen, met handen wapperen, met bladen van een boekje flapperen. Deze bewegingen zijn niet te onderbreken.;30;83;Stereotiep spel en stereotiepe bewegingen;true;""
5e5fa52e2c06e865f80001ae;2020-03-04T13:55:10+01:00;2022-03-30T14:23:26+02:00;"";"";"";heeft-rituelen-anders-dan-slaapritueel-die-op-een-bepaalde-manier-of-in-een-bepaalde-volgorde-moet;Heeft rituelen (anders dan slaapritueel) die op een bepaalde manier of in een bepaalde volgorde moeten uitgevoerd worden, waarbij hij/zij hardnekkig weerstand vertoont als dit niet mogelijk is of onderbroken wordt;Heeft rituelen (anders dan slaapritueel) die op een bepaalde manier of in een bepaalde volgorde moeten uitgevoerd worden, waarbij hij/zij hardnekkig weerstand vertoont als dit niet mogelijk is of onderbroken wordt;18;83;Stereotiep spel en stereotiepe bewegingen;true;""
5e5fa52e2c06e865f80001b0;2020-03-04T13:55:10+01:00;2020-03-04T13:55:10+01:00;"";"";"";vertoont-zelden-of-nooit-symbolisch-of-doen-alsof-spel-bv-een-kopje-naar-de-mond-brengen-om-te-doe;Vertoont zelden of nooit symbolisch of doen-alsof spel (bv. een kopje naar de mond brengen om te doen alsof hij/zij drinkt, een banaan als telefoonhoorn gebruiken en doen alsof hij/zij telefoneert, spelen met een pop en doen alsof de pop kan lopen, alsof de pop tegen hem/haar of andere poppen praat, ...) ;Vertoont zelden of nooit symbolisch of doen-alsof spel (bv. een kopje naar de mond brengen om te doen alsof hij/zij drinkt, een banaan als telefoonhoorn gebruiken en doen alsof hij/zij telefoneert, spelen met een pop en doen alsof de pop kan lopen, alsof de pop tegen hem/haar of andere poppen praat, ...) ;18;83;Spel;false;""
5e5fa52e2c06e865f80001b2;2020-03-04T13:55:11+01:00;2020-03-04T13:55:11+01:00;"";"";"";laat-nooit-rollenspel-zien-bv-geen-vadertje-of-moedertje-spelen-politie-en-boef-spelen;Laat nooit rollenspel zien (bv. geen vadertje of moedertje spelen, politie en boef spelen) ;Laat nooit rollenspel zien (bv. geen vadertje of moedertje spelen, politie en boef spelen) ;48;83;Spel;false;""
5e5fa52f2c06e865f80001b4;2020-03-04T13:55:11+01:00;2023-08-31T09:49:19+02:00;"";"";"";spelletjes-moeten-altijd-op-dezelfde-manier-en-in-dezelfde-volgorde;Spelletjes moeten altijd op dezelfde manier en in dezelfde volgorde ;Spelletjes moeten altijd op dezelfde manier en in dezelfde volgorde ;36;83;Spel;false;""
5e5fa52f2c06e865f80001b6;2020-03-04T13:55:11+01:00;2020-03-04T13:55:11+01:00;"";"";"";geraakt-gemakkelijk-gefrustreerd-bij-veranderingen-in-de-omgeving-of-afwijkingen-van-routines-en-too;Geraakt gemakkelijk gefrustreerd bij veranderingen in de omgeving of afwijkingen van routines en toont hierbij een reactie die duidelijk overdreven is. ;Geraakt gemakkelijk gefrustreerd bij veranderingen in de omgeving of afwijkingen van routines en toont hierbij een reactie die duidelijk overdreven is. ;12;83;Angst;false;""
5e5fa52f2c06e865f80001b8;2020-03-04T13:55:11+01:00;2020-03-04T13:55:11+01:00;"";"";"";is-vaak-bang-om-iets-nieuws-te-proberen;Is vaak bang om iets nieuws te proberen ;Is vaak bang om iets nieuws te proberen ;12;83;Angst;false;""
5e5fa52f2c06e865f80001ba;2020-03-04T13:55:11+01:00;2020-03-04T13:55:11+01:00;"";"";"";raakt-snel-in-paniek;Raakt snel in paniek ;Raakt snel in paniek ;30;83;Angst;false;""
5e5fa52f2c06e865f80001bc;2020-03-04T13:55:11+01:00;2022-03-30T14:01:48+02:00;"";"";"";heeft-hardnekkige-voedingsproblemen-die-al-langer-dan-een-maand-duren-niet-te-wijten-zijn-aan-medis;Heeft hardnekkige voedingsproblemen die al langer dan een maand duren, niet te wijten zijn aan medische problemen en waarvoor al verschillende oplossingen uitgeprobeerd zijn;Heeft hardnekkige voedingsproblemen die al langer dan een maand duren, niet te wijten zijn aan medische problemen en waarvoor al verschillende oplossingen uitgeprobeerd zijn;10;83;Andere opvallende gedragingen;false;""
5e5fa52f2c06e865f80001be;2020-03-04T13:55:11+01:00;2020-03-04T13:55:11+01:00;"";"";"";is-overgevoelig-voor-geluiden-lichten-stemverheffing-of-aanraking;Is overgevoelig voor geluiden, lichten, stemverheffing of aanraking ;Is overgevoelig voor geluiden, lichten, stemverheffing of aanraking ;12;83;Andere opvallende gedragingen;false;""
5e5fa52f2c06e865f80001c0;2020-03-04T13:55:11+01:00;2020-03-04T13:55:11+01:00;"";"";"";ruikt-en-proeft-aan-voorwerpen-of-personen;Ruikt en proeft aan voorwerpen of personen ;Ruikt en proeft aan voorwerpen of personen ;18;83;Andere opvallende gedragingen;false;""
5e5fa52f2c06e865f80001c2;2020-03-04T13:55:11+01:00;2020-03-04T13:55:11+01:00;"";"";"";gaat-weinig-op-onderzoek-uit-heeft-weinig-belangstelling-voor-nieuwe-dingen;Gaat weinig op onderzoek uit, heeft weinig belangstelling voor nieuwe dingen ;Gaat weinig op onderzoek uit, heeft weinig belangstelling voor nieuwe dingen ;30;83;Andere opvallende gedragingen;false;""
5e5fa52f2c06e865f80001c4;2020-03-04T13:55:11+01:00;2020-03-04T13:55:11+01:00;"";"";"";kan-iets-wat-hij/zij-geleerd-heeft-niet-toepassen-in-andere-situaties;Kan iets wat hij/zij geleerd heeft, niet toepassen in andere situaties ;Kan iets wat hij/zij geleerd heeft, niet toepassen in andere situaties ;30;83;Andere opvallende gedragingen;false;""
5e5fa52f2c06e865f80001c7;2020-03-04T13:55:12+01:00;2023-08-28T14:18:24+02:00;"";"";"";toont-weinig-variatie-in-zijn/haar-bewegingspatroon;Toont weinig variatie in zijn/haar bewegingspatroon;Toont weinig variatie in zijn/haar bewegingspatroon;6;83;Kwaliteit van bewegen;true;""
5e5fa5302c06e865f80001ca;2020-03-04T13:55:12+01:00;2023-08-28T14:20:29+02:00;"";"";"";spant-zijn/haar-spieren-te-weinig-op-waardoor-hij/zij-houdingen-niet-kan-aanhouden;Spant zijn/haar spieren te weinig op waardoor hij/zij houdingen niet kan aanhouden;Spant zijn/haar spieren te weinig op waardoor hij/zij houdingen niet kan aanhouden;6;83;Kwaliteit van bewegen;true;""
5e5fa5302c06e865f80001cc;2020-03-04T13:55:12+01:00;2023-08-28T14:17:46+02:00;"";"";"";beweegt-zeer-houterig/niet-vlot;Beweegt zeer houterig/niet vlot;Beweegt zeer houterig/niet vlot;18;83;Kwaliteit van bewegen;true;""
62613e9f8bf7473dd5b44d26;2022-04-21T13:23:11+02:00;2023-08-28T11:55:37+02:00;"";"";"";kan-hoofd-niet-stabiel-houden-wanneer-iemand-hem/haar-optrekt-aan-de-armen-tot-een-zittende-positie;Kan hoofd niet stabiel houden, wanneer iemand hem/haar optrekt aan de armen tot een zittende positie;Kan hoofd niet stabiel houden, wanneer iemand hem/haar optrekt aan de armen tot een zittende positie;4;6;Grove motoriek;true;""
626145342c06e876d5bcfefa;2022-04-21T13:51:16+02:00;2022-04-21T13:51:16+02:00;"";"";"";is-bang-om-nieuwe-grof-motorische-activiteiten-uit-te-proberen-bv-bang-om-ergens-af-te-kruipen-om;Is bang om nieuwe grof-motorische activiteiten uit te proberen (bv. bang om ergens af te kruipen, om een drempel te nemen);Is bang om nieuwe grof-motorische activiteiten uit te proberen (bv. bang om ergens af te kruipen, om een drempel te nemen);36;47;Grove motoriek;false;""
62614d608bf747655bf55e0a;2022-04-21T14:26:08+02:00;2022-04-21T14:26:08+02:00;"";"";"";kan-geen-dun-strookje-papier-in-2-stukken-knippen;Kan geen dun strookje papier in 2 stukken knippen ;Kan geen dun strookje papier in 2 stukken knippen ;42;53;Fijne motoriek;false;""
62614ff22c06e877f1bd162e;2022-04-21T14:37:06+02:00;2023-08-28T14:04:54+02:00;"";"";"";kan-geen-cirkelvormige-figuren-tekenen;Kan geen cirkel tekenen (cirkel moet niet mooi gesloten zijn);Kan geen cirkel tekenen (cirkel moet niet mooi gesloten zijn);36;54;Fijne motoriek;false;""
626151fb2c06e87445bd1cf3;2022-04-21T14:45:47+02:00;2022-04-21T14:45:47+02:00;"";"";"";heeft-geen-voorkeur-voor-de-rechter-of-linkerhand-en-wisselt-daarom-vaak-van-hand-bij-activiteiten;Heeft geen voorkeur voor de rechter-of linkerhand en wisselt daarom vaak van hand bij activiteiten;Heeft geen voorkeur voor de rechter-of linkerhand en wisselt daarom vaak van hand bij activiteiten;48;83;Fijne motoriek;false;""
626153d02c06e879d2bd21fd;2022-04-21T14:53:36+02:00;2022-04-21T14:53:36+02:00;"";"";"";kan-geen-eenvoudige-kledij-zonder-kleine-knopen-ritsen-spannende-kousen-alleen-uittrekken;Kan geen eenvoudige kledij (zonder kleine knopen, ritsen, spannende kousen) alleen uittrekken ;Kan geen eenvoudige kledij (zonder kleine knopen, ritsen, spannende kousen) alleen uittrekken ;42;59;Zelfredzaamheid;false;""
626153f62c06e80ff9bcfe9a;2022-04-21T14:54:14+02:00;2022-04-21T14:54:14+02:00;"";"";"";kan-geen-eenvoudige-kledij-zonder-kleine-knopen-ritsen-spannende-kousen-alleen-aantrekken;Kan geen eenvoudige kledij (zonder kleine knopen, ritsen, spannende kousen)  alleen aantrekken ;Kan geen eenvoudige kledij (zonder kleine knopen, ritsen, spannende kousen)  alleen aantrekken ;60;83;Zelfredzaamheid;false;""
62615d978bf7477f47f55aa1;2022-04-21T15:35:19+02:00;2022-04-21T15:35:19+02:00;"";"";"";plezier-en-ongenoegen-zijn-niet-te-onderscheiden-in-de-geluiden-die-hij/zij-maakt-1;Plezier en ongenoegen zijn niet te onderscheiden in de geluiden die hij/zij maakt;Plezier en ongenoegen zijn niet te onderscheiden in de geluiden die hij/zij maakt;4;14;Taalproductie;false;""
626164308bf7476511f59579;2022-04-21T16:03:28+02:00;2022-04-21T16:03:28+02:00;"";"";"";minder-dan-50-van-de-spraakuitingen-zijn-duidelijk-verstaanbaar-door-vreemden-woorden-worden-niet;Minder dan 50% van de spraakuitingen zijn duidelijk verstaanbaar door vreemden (woorden worden niet duidelijk uitgesproken);Minder dan 50% van de spraakuitingen zijn duidelijk verstaanbaar door vreemden (woorden worden niet duidelijk uitgesproken);49;60;Articulatie;false;""
6261740f8bf747149ff578e4;2022-04-21T17:11:11+02:00;2022-04-21T17:11:11+02:00;"";"";"";doet-weinig-pogingen-om-zijn/haar-plezier-of-interesse-te-delen-met-anderen-door-oogcontact-te-maken;Doet weinig pogingen om zijn/haar plezier of interesse te delen met anderen door oogcontact te maken;Doet weinig pogingen om zijn/haar plezier of interesse te delen met anderen door oogcontact te maken;10;17;Interactie met anderen;true;""
649aaa832c06e8394bfb66b9;2023-06-27T11:23:15+02:00;2023-06-27T11:23:15+02:00;"";"";"";begrijpt-geen-eenvoudig-verhaaltje-over-een-situatie-buiten-het-hier-en-nu-bv-over-op-vakantie-gaa;Begrijpt geen eenvoudig verhaaltje over een situatie buiten het hier en nu (bv. over op vakantie gaan);Begrijpt geen eenvoudig verhaaltje over een situatie buiten het hier en nu (bv. over op vakantie gaan);49;60;Taalbegrip;false;"<p>Het verhaaltje bestaat uit een 20-tal meer complexe zinnen (langere zinnen met gebruik van (abstracte) begrippen, bepalingen en een meer gevarieerd woordgebruik. Het verhaaltje speelt zich af buiten het hier en nu. Er komen ook verbanden in voor : bv oorzaak-gevolg, middel-doel.                                Er is beperkte visuele ondersteuning.</p>
"
64ec922d8bf74724ae47542c;2023-08-28T14:25:17+02:00;2023-08-28T14:25:17+02:00;"";"";"";stapt-grote-delen-van-de-dag-op-de-tenen;Stapt grote delen van de dag op de tenen;Stapt grote delen van de dag op de tenen;24;83;Kwaliteit van bewegen;true;""
64ec92572c06e87b6efc1cc2;2023-08-28T14:25:59+02:00;2023-08-28T14:25:59+02:00;"";"";"";gebruikt-een-lichaamsdeel-niet;Gebruikt één lichaamsdeel niet;Gebruikt één lichaamsdeel niet;3;83;Kwaliteit van bewegen;true;""
64ec92a68bf7470ce9471e39;2023-08-28T14:27:18+02:00;2023-08-28T14:27:18+02:00;"";"";"";blijft-te-veel-vanuit-de-schouder-bewegen-bij-kleuren-en-tekenen;Blijft te veel vanuit de schouder bewegen bij kleuren en tekenen;Blijft te veel vanuit de schouder bewegen bij kleuren en tekenen;60;83;Fijne motoriek;false;""
64ec92ce8bf747740e471edb;2023-08-28T14:27:58+02:00;2023-08-28T14:27:58+02:00;"";"";"";zet-consistent-meer-gewicht-op-een-helft-van-het-lichaam;Zet consistent meer gewicht op één helft van het lichaam;Zet consistent meer gewicht op één helft van het lichaam;20;83;Kwaliteit van bewegen;true;""
64f98fd88bf74712692bc392;2023-09-07T10:54:48+02:00;2023-09-07T10:54:48+02:00;"";"";"";kan-niet-op-een-loopfiets-met-3-of-4-wielen-rijden;Kan niet op een loopfiets met 3 of 4 wielen rijden;Kan niet op een loopfiets met 3 of 4 wielen rijden;24;48;Grove motoriek;false;""
